,ask,askVolume,average,baseVolume,bid,bidVolume,change,close,datetime,high,last,low,open,percentage,previousClose,quoteVolume,redd_sent,symbol,timestamp,twi_sent,vwap
0,60575.8,,,3181.36294929,60575.7,,,60575.8,2021-03-14T23:24:31.515Z,61639.2,60575.8,59258.8,61174.9,,,192272541.48887074,0.521746511627907,BTC/USD,1615764271515.0,0.19253979999999976,60437.15997
1,60479.3,,,3174.72992459,60470.4,,,60472.4,2021-03-14T23:29:31.235Z,61639.2,60472.4,59258.8,61174.9,,,191860898.55099887,0.5109720930232559,BTC/USD,1615764571235.0,0.15540919999999983,60433.77015
2,60391.2,,,3183.66219112,60391.1,,,60391.2,2021-03-14T23:34:31.722Z,61639.2,60391.2,59258.8,61174.9,,,192392247.5878565,0.5088511627906978,BTC/USD,1615764871722.0,0.1699927999999997,60431.11236
3,60122.9,,,3187.86404427,60117.8,,,60111.7,2021-03-14T23:39:31.413Z,61639.2,60111.7,59258.8,61174.9,,,192636400.08196148,0.5266162790697675,BTC/USD,1615765171413.0,0.15887019999999982,60428.04756
4,60011.8,,,3205.87197667,60008.7,,,60020.1,2021-03-14T23:44:31.704Z,61639.2,60020.1,59258.8,61174.9,,,193705798.79740557,0.5156348837209304,BTC/USD,1615765471704.0,0.13303959999999992,60422.18785
5,59629.6,,,3227.02679385,59602.8,,,59616.5,2021-03-14T23:49:31.738Z,61639.2,59616.5,59258.8,61174.9,,,194892911.93967924,0.5156348837209304,BTC/USD,1615765771738.0,0.13018339999999998,60393.9553
6,59400.1,,,3250.05027773,59400.0,,,59400.0,2021-03-14T23:54:32.030Z,61639.2,59400.0,59258.8,61174.9,,,196244028.76454803,0.5156348837209304,BTC/USD,1615766072030.0,0.1078101999999999,60381.84397
7,59141.3,,,3369.58164049,59109.1,,,59105.4,2021-03-14T23:59:32.242Z,61639.2,59105.4,59063.9,61174.9,,,203311747.52792948,0.4975833333333334,BTC/USD,1615766372242.0,0.14737659999999997,60337.38583
8,59043.1,,,3453.81286326,59043.0,,,59081.8,2021-03-15T00:04:31.897Z,61639.2,59081.8,58700.0,59001.0,,,208245536.13791162,0.4975833333333334,BTC/USD,1615766671897.0,0.13045599999999996,60294.38895
9,59300.2,,,3463.78650702,59300.1,,,59300.1,2021-03-15T00:09:32.227Z,61639.2,59300.1,58700.0,59001.0,,,208809716.7751994,0.4975833333333334,BTC/USD,1615766972227.0,0.1511383999999999,60283.65673
10,59375.1,,,3471.28263831,59375.0,,,59375.0,2021-03-15T00:14:32.718Z,61639.2,59375.0,58700.0,59001.0,,,209244912.1325674,0.4975833333333334,BTC/USD,1615767272718.0,0.11993719999999991,60278.84616
11,59607.5,,,3482.59701563,59601.5,,,59591.2,2021-03-15T00:19:33.130Z,61639.2,59591.2,58700.0,59001.0,,,209899791.8141474,0.4630863636363636,BTC/USD,1615767573130.0,0.13449159999999988,60271.05372
12,59681.4,,,3452.71921313,59672.8,,,59699.6,2021-03-15T00:24:33.702Z,61639.2,59699.6,58700.0,59001.0,,,208037019.58569974,0.454446511627907,BTC/USD,1615767873702.0,0.11825539999999986,60253.09524
13,59844.9,,,3497.48137796,59839.3,,,59835.0,2021-03-15T00:29:34.204Z,61601.7,59835.0,58700.0,59001.0,,,210688038.21113825,0.4313954545454546,BTC/USD,1615768174204.0,0.24724659999999943,60239.93138
14,59881.4,,,3503.83155218,59881.3,,,59874.4,2021-03-15T00:34:34.795Z,61572.6,59874.4,58700.0,59001.0,,,211056232.3842767,0.4313954545454546,BTC/USD,1615768474795.0,0.24468359999999933,60235.83875
15,59820.1,,,3500.74084816,59820.0,,,59847.7,2021-03-15T00:39:35.296Z,61500.0,59847.7,58700.0,59001.0,,,210848288.79768777,0.41007142857142864,BTC/USD,1615768775296.0,0.20460859999999959,60229.61937
16,59803.0,,,3496.91980746,59802.9,,,59803.0,2021-03-15T00:44:35.828Z,61500.0,59803.0,58700.0,59001.0,,,210602713.81148374,0.40116511627906976,BTC/USD,1615769075828.0,0.19194519999999943,60225.20544
17,59829.2,,,3482.48975275,59829.1,,,59836.1,2021-03-15T00:49:35.531Z,61500.0,59836.1,58700.0,59001.0,,,209710201.46256784,0.4087761904761904,BTC/USD,1615769375531.0,0.1850831999999996,60218.46907
18,59700.0,,,3471.95518996,59699.9,,,59680.8,2021-03-15T00:54:46.841Z,61500.0,59680.8,58700.0,59001.0,,,209056756.15795588,0.4212767441860465,BTC/USD,1615769686841.0,0.19849699999999976,60212.97647
19,59436.9,,,3509.36168517,59436.8,,,59427.9,2021-03-15T00:59:47.261Z,61500.0,59427.9,58700.0,59001.0,,,211272352.50151923,0.4212767441860465,BTC/USD,1615769987261.0,0.19278799999999974,60202.50161
20,59525.1,,,3505.29429246,59524.3,,,59524.4,2021-03-15T01:04:47.986Z,61500.0,59524.4,58700.0,59001.0,,,210987811.41811547,0.4212767441860465,BTC/USD,1615770287986.0,0.19308419999999968,60191.18334
21,59388.2,,,3502.57606314,59379.8,,,59379.8,2021-03-15T01:09:48.442Z,61500.0,59379.8,58700.0,59001.0,,,210791553.37440875,0.4424880952380952,BTC/USD,1615770588442.0,0.16806219999999963,60181.86317
22,59636.0,,,3483.23184617,59635.9,,,59581.2,2021-03-15T01:14:48.975Z,61500.0,59581.2,58700.0,59001.0,,,209607378.67758167,0.4426738095238096,BTC/USD,1615770888975.0,0.18956699999999957,60176.12032
23,59696.3,,,3494.20911394,59696.2,,,59681.3,2021-03-15T01:19:49.795Z,61500.0,59681.3,58700.0,59001.0,,,210246809.35646996,0.4426738095238096,BTC/USD,1615771189795.0,0.18234219999999957,60170.07068
24,59905.0,,,3484.93790467,59904.9,,,59905.0,2021-03-15T01:24:49.698Z,61500.0,59905.0,58700.0,59001.0,,,209670821.87854442,0.0,BTC/USD,1615771489698.0,0.17066179999999956,60164.86595
25,60016.4,,,3498.90652966,60009.6,,,60012.4,2021-03-15T01:29:49.536Z,61500.0,60012.4,58700.0,59001.0,,,210497268.57062078,0.0,BTC/USD,1615771789536.0,0.1531955999999997,60160.8722
26,60100.0,,,3501.17166439,60099.9,,,60071.1,2021-03-15T01:34:50.443Z,61500.0,60071.1,58700.0,59001.0,,,210629000.87226057,0.0,BTC/USD,1615772090443.0,0.10966500000000005,60159.57544
27,60100.0,,,3484.69554544,60099.9,,,60099.9,2021-03-15T01:39:50.025Z,61500.0,60099.9,58700.0,59001.0,,,209618941.02316827,0.0,BTC/USD,1615772390025.0,0.09514760000000004,60154.16219
28,60250.1,,,3536.51751358,60250.0,,,60250.0,2021-03-15T01:44:50.284Z,61500.0,60250.0,58700.0,59001.0,,,212735449.27109087,0.0,BTC/USD,1615772690284.0,0.1496801999999997,60153.93631
29,60000.0,,,3560.94718186,59999.9,,,59999.9,2021-03-15T01:49:50.543Z,61500.0,59999.9,58700.0,59001.0,,,214199627.23003402,0.0,BTC/USD,1615772990543.0,0.11867979999999989,60152.43032
30,59963.9,,,3557.39181192,59963.8,,,59962.9,2021-03-15T01:54:50.139Z,61500.0,59962.9,58700.0,59001.0,,,213974296.93774208,0.0,BTC/USD,1615773290139.0,0.153193,60149.20713
31,59970.1,,,3606.07695554,59970.0,,,59970.1,2021-03-15T01:59:50.337Z,61500.0,59970.1,58700.0,59001.0,,,216879316.19415888,0.0,BTC/USD,1615773590337.0,0.16032379999999985,60142.73097
32,60289.7,,,3613.27185873,60289.6,,,60288.6,2021-03-15T02:04:50.614Z,61500.0,60288.6,58700.0,59001.0,,,217303286.3740883,0.0,BTC/USD,1615773890614.0,0.14421939999999997,60140.30908
33,60270.1,,,3613.01759114,60270.0,,,60275.6,2021-03-15T02:09:50.561Z,61500.0,60275.6,58700.0,59001.0,,,217283639.36671162,0.0,BTC/USD,1615774190561.0,0.15104439999999988,60139.10364
34,60143.6,,,3609.49476998,60143.5,,,60143.5,2021-03-15T02:14:50.854Z,61500.0,60143.5,58700.0,59001.0,,,217064748.98062295,0.0,BTC/USD,1615774490854.0,0.17935539999999983,60137.1557
35,60209.8,,,3617.15770884,60209.7,,,60209.8,2021-03-15T02:19:50.543Z,61500.0,60209.8,58700.0,59001.0,,,217523414.82303426,0.0,BTC/USD,1615774790543.0,0.13541699999999984,60136.55813
36,60069.2,,,3623.17643952,60069.1,,,60069.1,2021-03-15T02:24:50.831Z,61500.0,60069.1,58700.0,59001.0,,,217883713.61935854,0.0,BTC/USD,1615775090831.0,0.12442239999999995,60136.10357
37,60200.0,,,3614.1706439,60199.9,,,60200.0,2021-03-15T02:29:51.258Z,61500.0,60200.0,58700.0,59001.0,,,217331024.23728308,0.0,BTC/USD,1615775391258.0,0.11122119999999995,60133.02792
38,60125.7,,,3612.61235303,60119.8,,,60134.0,2021-03-15T02:34:51.677Z,61500.0,60134.0,58700.0,59001.0,,,217234339.08369866,0.0,BTC/USD,1615775691677.0,0.2135357999999993,60132.20292
39,60269.7,,,3617.03719509,60268.5,,,60267.6,2021-03-15T02:39:52.315Z,61500.0,60267.6,58700.0,59001.0,,,217494688.30807447,0.0,BTC/USD,1615775992315.0,0.1495349999999997,60130.61978
40,60188.0,,,3622.63665578,60187.9,,,60188.0,2021-03-15T02:44:52.397Z,61500.0,60188.0,58700.0,59001.0,,,217828140.344337,0.0,BTC/USD,1615776292397.0,0.14187659999999994,60129.72347
41,60106.8,,,3612.94566907,60106.7,,,60098.5,2021-03-15T02:49:52.587Z,61500.0,60098.5,58700.0,59001.0,,,217236543.3367292,0.0,BTC/USD,1615776592587.0,0.14516859999999981,60127.26546
42,60162.6,,,3607.3862603,60162.5,,,60162.6,2021-03-15T02:54:52.438Z,61500.0,60162.6,58700.0,59001.0,,,216896425.37608448,0.0,BTC/USD,1615776892438.0,0.17061079999999962,60125.64492
43,60049.5,,,3574.05599231,60049.4,,,60053.3,2021-03-15T02:59:52.949Z,61500.0,60053.3,58700.0,59001.0,,,214858878.03734636,0.0,BTC/USD,1615777192949.0,0.14027819999999985,60116.25965
44,60299.3,,,3552.03743374,60294.4,,,60294.5,2021-03-15T03:04:52.838Z,61500.0,60294.5,58700.0,59001.0,,,213512756.80674312,0.0,BTC/USD,1615777492838.0,0.13805919999999985,60109.93994
45,60140.0,,,3544.59105412,60139.9,,,60140.0,2021-03-15T03:09:53.707Z,61500.0,60140.0,58700.0,59001.0,,,213053112.1306654,0.0,BTC/USD,1615777793707.0,0.15362339999999977,60106.5423
46,60193.1,,,3552.85083007,60185.5,,,60182.5,2021-03-15T03:14:53.214Z,61500.0,60182.5,58700.0,59001.0,,,213542258.19617125,0.0,BTC/USD,1615778093214.0,0.1629883999999998,60104.48184
47,60264.6,,,3545.57068238,60261.5,,,60269.9,2021-03-15T03:19:53.099Z,61500.0,60269.9,58700.0,59001.0,,,213096053.84416097,0.0,BTC/USD,1615778393099.0,0.17156799999999975,60102.04645
48,60214.7,,,3538.30693923,60214.6,,,60214.7,2021-03-15T03:24:53.533Z,61500.0,60214.7,58700.0,59001.0,,,212650985.28746846,0.0,BTC/USD,1615778693533.0,0.13955339999999986,60099.6434
49,60188.2,,,3520.63329248,60184.6,,,60187.5,2021-03-15T03:29:53.922Z,61500.0,60187.5,58700.0,59001.0,,,211558919.15146568,0.0,BTC/USD,1615778993922.0,0.17658199999999968,60091.15451
50,60215.7,,,3514.3356248,60215.6,,,60215.6,2021-03-15T03:34:54.415Z,61500.0,60215.6,58700.0,59001.0,,,211167488.31384656,0.0,BTC/USD,1615779294415.0,0.19387239999999972,60087.45631
51,60190.2,,,3506.95697738,60186.9,,,60186.8,2021-03-15T03:39:54.076Z,61500.0,60186.8,58700.0,59001.0,,,210712591.7768373,0.0,BTC/USD,1615779594076.0,0.20667779999999952,60084.16788
52,60255.0,,,3510.75875231,60254.9,,,60226.3,2021-03-15T03:44:54.530Z,61500.0,60226.3,58700.0,59001.0,,,210938786.0142359,0.0,BTC/USD,1615779894530.0,0.19191299999999983,60083.53205
53,60450.1,,,3519.91812853,60450.0,,,60450.0,2021-03-15T03:49:54.474Z,61500.0,60450.0,58700.0,59001.0,,,211487307.4781198,0.0,BTC/USD,1615780194474.0,0.18411739999999965,60083.01891
54,60369.4,,,3516.24506308,60369.3,,,60369.3,2021-03-15T03:54:54.416Z,61500.0,60369.3,58700.0,59001.0,,,211249211.05925804,0.0,BTC/USD,1615780494416.0,0.20062819999999967,60078.0683
55,60352.0,,,3508.91713821,60351.9,,,60351.9,2021-03-15T03:59:54.442Z,61500.0,60351.9,58700.0,59001.0,,,210795931.40525877,0.0,BTC/USD,1615780794442.0,0.21613439999999956,60074.35431
56,60502.6,,,3510.54792711,60502.5,,,60505.4,2021-03-15T04:04:54.884Z,61402.8,60505.4,58700.0,59001.0,,,210880682.64207467,0.0,BTC/USD,1615781094884.0,0.24128599999999947,60070.58927
57,60508.9,,,3513.49466045,60508.8,,,60516.4,2021-03-15T04:09:54.543Z,61402.8,60516.4,58700.0,59001.0,,,211052167.6420496,0.0,BTC/USD,1615781394543.0,0.18719439999999948,60069.01619
58,60463.5,,,3510.76107125,60463.4,,,60463.5,2021-03-15T04:14:55.158Z,61402.8,60463.5,58700.0,59001.0,,,210884724.38932797,0.0,BTC/USD,1615781695158.0,0.21038859999999976,60068.09353
59,60421.1,,,3503.2447538,60421.0,,,60421.0,2021-03-15T04:19:55.613Z,61402.8,60421.0,58700.0,59001.0,,,210423738.19502977,0.0,BTC/USD,1615781995613.0,0.2146985999999996,60065.38309
60,60400.1,,,3505.26374273,60400.0,,,60400.0,2021-03-15T04:24:55.789Z,61402.8,60400.0,58700.0,59001.0,,,210543695.55539805,0.0,BTC/USD,1615782295789.0,0.22799199999999953,60065.00823
61,60309.9,,,3502.69983665,60309.8,,,60309.9,2021-03-15T04:29:55.329Z,61400.1,60309.9,58700.0,59001.0,,,210381169.1893885,0.0,BTC/USD,1615782595329.0,0.2366669999999996,60062.5743
62,60056.3,,,3526.81192514,60054.5,,,60038.9,2021-03-15T04:34:55.370Z,61321.9,60038.9,58700.0,59001.0,,,211825513.57497504,0.0,BTC/USD,1615782895370.0,0.17468519999999976,60061.4714
63,60108.4,,,3553.51479586,60108.3,,,60070.2,2021-03-15T04:39:55.185Z,61288.7,60070.2,58700.0,59001.0,,,213425984.27644286,0.0,BTC/USD,1615783195185.0,0.32255979999999945,60060.53064
64,60023.2,,,3563.52761834,60019.4,,,60024.9,2021-03-15T04:44:55.317Z,61265.0,60024.9,58700.0,59001.0,,,214021627.59544533,0.0,BTC/USD,1615783495317.0,0.3282785999999991,60058.92209
65,59876.9,,,3584.47463461,59871.7,,,59856.8,2021-03-15T04:49:55.587Z,61248.3,59856.8,58700.0,59001.0,,,215269072.12349933,0.0,BTC/USD,1615783795587.0,0.2656339999999994,60055.96191
66,59768.1,,,3592.49001745,59747.8,,,59767.6,2021-03-15T04:54:55.580Z,61248.3,59767.6,58700.0,59001.0,,,215747387.1236007,0.0,BTC/USD,1615784095580.0,0.2883725999999995,60055.1111
67,59763.7,,,3603.34935983,59763.6,,,59753.8,2021-03-15T04:59:55.666Z,61248.3,59753.8,58700.0,59001.0,,,216394159.41767952,0.0,BTC/USD,1615784395666.0,0.2566233999999995,60053.61618
68,59578.5,,,3617.3523924,59563.2,,,59559.8,2021-03-15T05:04:56.057Z,61248.3,59559.8,58700.0,59001.0,,,217224549.31509966,0.0,BTC/USD,1615784696057.0,0.24879739999999959,60050.70166
69,59665.5,,,3602.28831316,59665.4,,,59665.4,2021-03-15T05:09:55.834Z,61248.3,59665.4,58700.0,59001.0,,,216299653.09534782,0.0,BTC/USD,1615784995834.0,0.2615427999999996,60045.06977
70,59598.0,,,3595.61366996,59588.9,,,59598.0,2021-03-15T05:14:56.442Z,61187.6,59598.0,58700.0,59001.0,,,215883759.0492225,0.0,BTC/USD,1615785296442.0,0.22192339999999985,60040.86614
71,59846.6,,,3595.42622974,59843.4,,,59846.6,2021-03-15T05:19:56.992Z,61104.8,59846.6,58700.0,59001.0,,,215862949.627499,0.24845744680851067,BTC/USD,1615785596992.0,0.2092567999999997,60038.2085
72,59781.8,,,3593.7176634,59781.7,,,59781.8,2021-03-15T05:24:56.797Z,61104.8,59781.8,58700.0,59001.0,,,215752533.90460524,0.25385869565217395,BTC/USD,1615785896797.0,0.2457035999999997,60036.0279
73,59634.5,,,3575.44249579,59625.9,,,59625.9,2021-03-15T05:29:56.901Z,61104.8,59625.9,58700.0,59001.0,,,214625368.54218715,0.24900638297872346,BTC/USD,1615786196901.0,0.2180707999999996,60027.6382
74,59725.1,,,3569.53763946,59725.0,,,59730.0,2021-03-15T05:34:56.651Z,61104.8,59730.0,58700.0,59001.0,,,214255451.4039449,0.24900638297872346,BTC/USD,1615786496651.0,0.2436965999999998,60023.30639
75,59424.0,,,3575.99820559,59421.2,,,59418.5,2021-03-15T05:39:56.907Z,61104.8,59418.5,58700.0,59001.0,,,214634267.59103903,0.2479166666666667,BTC/USD,1615786796907.0,0.22063939999999962,60020.79846
76,59329.9,,,3648.36958782,59320.5,,,59339.8,2021-03-15T05:44:57.083Z,61100.1,59339.8,58700.0,59001.0,,,218926099.05145147,0.25920638297872345,BTC/USD,1615787097083.0,0.35390459999999924,60006.55739
77,59362.6,,,3657.09510737,59357.0,,,59360.8,2021-03-15T05:49:57.266Z,61092.6,59360.8,58700.0,59001.0,,,219435336.89017195,0.25920638297872345,BTC/USD,1615787397266.0,0.2928571999999992,60002.63336
78,59221.1,,,3667.00709467,59221.0,,,59216.2,2021-03-15T05:54:57.226Z,61092.6,59216.2,58700.0,59001.0,,,220010584.01987904,0.2770914893617022,BTC/USD,1615787697226.0,0.26391259999999955,59997.31616
79,59008.3,,,3687.76333088,59008.2,,,59009.7,2021-03-15T05:59:57.323Z,61092.6,59009.7,58700.0,59001.0,,,221225019.57019103,0.27553333333333335,BTC/USD,1615787997323.0,0.2821917999999993,59988.94173
80,59299.9,,,3689.90714078,59299.8,,,59292.6,2021-03-15T06:04:57.425Z,61092.6,59292.6,58700.0,59001.0,,,221333435.8315239,0.27553333333333335,BTC/USD,1615788297425.0,0.2738023999999993,59983.47042
81,59337.6,,,3700.33392929,59337.5,,,59337.6,2021-03-15T06:09:57.839Z,61092.6,59337.6,58700.0,59001.0,,,221939556.04766837,0.27553333333333335,BTC/USD,1615788597839.0,0.20908339999999948,59978.25069
82,59260.9,,,3698.46521488,59253.1,,,59272.3,2021-03-15T06:14:57.769Z,61092.6,59272.3,58700.0,59001.0,,,221815621.94659767,0.2851479166666667,BTC/USD,1615788897769.0,0.20629639999999974,59975.04615
83,59115.1,,,3691.17161645,59115.0,,,59115.1,2021-03-15T06:19:57.822Z,61092.6,59115.1,58700.0,59001.0,,,221365495.1015862,0.2851479166666667,BTC/USD,1615789197822.0,0.23800219999999953,59971.60742
84,58936.9,,,3705.85273143,58936.8,,,58926.8,2021-03-15T06:24:57.534Z,61092.6,58926.8,58700.0,59001.0,,,222189208.70857057,0.28498125,BTC/USD,1615789497534.0,0.22714979999999954,59956.29746
85,59168.9,,,3707.41441774,59168.8,,,59168.4,2021-03-15T06:29:57.771Z,61092.6,59168.4,58700.0,59001.0,,,222270438.18598443,0.28646122448979594,BTC/USD,1615789797771.0,0.22850819999999955,59952.95188
86,58733.2,,,3697.22282814,58730.1,,,58743.2,2021-03-15T06:34:57.641Z,61092.6,58743.2,58700.0,59001.0,,,221601949.19808486,0.2902660000000001,BTC/USD,1615790097641.0,0.24239739999999965,59937.40694
87,58830.5,,,3755.21374904,58820.8,,,58840.0,2021-03-15T06:39:58.056Z,61092.6,58840.0,58535.0,59001.0,,,224989669.0468708,0.2902660000000001,BTC/USD,1615790398056.0,0.1676657999999996,59913.94474
88,58531.5,,,3823.54604306,58531.4,,,58531.4,2021-03-15T06:44:57.699Z,61092.6,58531.4,58459.5,59001.0,,,228980114.0105301,0.2902660000000001,BTC/USD,1615790697699.0,0.1660007999999998,59886.84625
89,58607.3,,,3844.08328312,58601.3,,,58601.3,2021-03-15T06:49:57.427Z,61092.6,58601.3,58459.5,59001.0,,,230157993.4588548,0.2902660000000001,BTC/USD,1615790997427.0,0.1822153999999998,59873.31088
90,58561.2,,,3851.68745829,58553.8,,,58531.6,2021-03-15T06:54:57.699Z,61092.6,58531.6,58459.5,59001.0,,,230589129.86764386,0.2848382978723405,BTC/USD,1615791297699.0,0.17405479999999973,59867.04071
91,58750.2,,,3876.90169656,58737.4,,,58772.9,2021-03-15T06:59:57.993Z,61092.6,58772.9,58459.5,59001.0,,,232057564.68494835,0.3439673913043479,BTC/USD,1615791597993.0,0.18406479999999983,59856.44797
92,58487.4,,,3926.42911502,58487.3,,,58487.3,2021-03-15T07:04:57.769Z,61092.6,58487.3,58459.5,59001.0,,,234945021.16494524,0.3396130434782609,BTC/USD,1615791897769.0,0.17222579999999976,59836.81719
93,58250.1,,,3970.61718873,58250.0,,,58250.1,2021-03-15T07:09:57.405Z,61092.6,58250.1,58155.0,59001.0,,,237483691.1672661,0.3439130434782609,BTC/USD,1615792197405.0,0.21160139999999944,59810.27127
94,58062.3,,,4008.95730009,58059.6,,,58057.9,2021-03-15T07:14:57.180Z,61092.6,58057.9,58050.0,59001.0,,,239705916.23831326,0.3576777777777778,BTC/USD,1615792497180.0,0.20944059999999956,59792.58403
95,57914.2,,,4216.65771256,57912.0,,,57914.7,2021-03-15T07:19:56.651Z,61092.6,57914.7,57800.0,59001.0,,,251703762.09969744,0.37130652173913037,BTC/USD,1615792796651.0,0.14337639999999968,59692.71856
96,57482.1,,,4304.2010706,57482.0,,,57482.0,2021-03-15T07:24:56.833Z,61092.6,57482.0,57482.0,59001.0,,,256727603.24773914,0.35550652173913055,BTC/USD,1615793096833.0,0.12490659999999983,59645.82022
97,57843.4,,,4364.81218783,57838.2,,,57812.9,2021-03-15T07:29:56.856Z,61092.6,57812.9,57276.0,59001.0,,,260193634.2397622,0.35712826086956523,BTC/USD,1615793396856.0,0.17253199999999974,59611.64491
98,58205.4,,,4403.55806371,58205.3,,,58205.4,2021-03-15T07:34:57.345Z,61092.6,58205.4,57276.0,59001.0,,,262431559.56833693,0.3495297872340426,BTC/USD,1615793697345.0,0.13930099999999973,59595.34444
99,58100.3,,,4422.5719714,58100.2,,,58100.3,2021-03-15T07:39:57.968Z,61092.6,58100.3,57276.0,59001.0,,,263506856.28717017,0.3495297872340426,BTC/USD,1615793997968.0,0.1738463999999997,59582.26525
100,58368.8,,,4426.64849418,58368.7,,,58359.7,2021-03-15T07:44:57.582Z,61092.6,58359.7,57276.0,59001.0,,,263733145.8792883,0.3478404255319149,BTC/USD,1615794297582.0,0.19117559999999975,59578.51549
101,58208.8,,,4432.37297868,58208.7,,,58208.7,2021-03-15T07:49:58.123Z,61092.6,58208.7,57276.0,59001.0,,,264053140.01891017,0.3478404255319149,BTC/USD,1615794598123.0,0.14267879999999977,59573.7636
102,57950.1,,,4441.0223442,57950.0,,,57965.5,2021-03-15T07:54:58.320Z,61092.6,57965.5,57276.0,59001.0,,,264540482.1777583,0.3478404255319149,BTC/USD,1615794898320.0,0.14871319999999985,59567.47381
103,57865.1,,,4390.4382319,57865.0,,,57870.2,2021-03-15T07:59:58.422Z,61092.6,57870.2,57276.0,59001.0,,,261467206.52775514,0.3264145833333334,BTC/USD,1615795198422.0,0.16552739999999966,59553.78318
104,58043.9,,,4371.71935386,58043.8,,,58043.9,2021-03-15T08:04:58.453Z,61092.6,58043.9,57276.0,59001.0,,,260308343.24227086,0.3225234042553192,BTC/USD,1615795498453.0,0.15146459999999962,59543.69944
105,58279.5,,,4385.83905654,58278.2,,,58290.0,2021-03-15T08:09:58.870Z,61092.6,58290.0,57276.0,59001.0,,,261108416.59265634,0.3225234042553192,BTC/USD,1615795798870.0,0.17360619999999966,59534.42733
106,58089.5,,,4394.52697473,58088.7,,,58068.5,2021-03-15T08:14:58.711Z,61092.6,58068.5,57276.0,59001.0,,,261590125.997087,0.31648936170212766,BTC/USD,1615796098711.0,0.15683379999999977,59526.34436
107,58200.0,,,4399.35327965,58199.9,,,58200.0,2021-03-15T08:19:59.753Z,61092.6,58200.0,57276.0,59001.0,,,261856009.2729412,0.33736086956521744,BTC/USD,1615796399753.0,0.14813779999999976,59521.47796
108,58309.7,,,4415.24318941,58309.6,,,58309.6,2021-03-15T08:24:59.036Z,61092.6,58309.6,57276.0,59001.0,,,262769555.13566598,0.34933404255319145,BTC/USD,1615796699036.0,0.14223199999999986,59514.17484
109,58245.6,,,4417.90317593,58245.5,,,58245.6,2021-03-15T08:29:59.493Z,61092.6,58245.6,57276.0,59001.0,,,262913536.76654616,0.3741808510638298,BTC/USD,1615796999493.0,0.18572939999999982,59510.93229
110,58071.2,,,4421.71607589,58050.0,,,58077.3,2021-03-15T08:34:59.594Z,61092.6,58077.3,57276.0,59001.0,,,263128254.79606715,0.35522340425531923,BTC/USD,1615797299594.0,0.13942059999999984,59508.17517
111,58049.6,,,4424.04250485,58049.5,,,58049.6,2021-03-15T08:39:59.453Z,61092.6,58049.6,57276.0,59001.0,,,263254117.5908066,0.35522340425531923,BTC/USD,1615797599453.0,0.15923919999999975,59505.3319
112,58155.8,,,4430.1945225,58155.7,,,58163.2,2021-03-15T08:44:59.529Z,61092.6,58163.2,57276.0,59001.0,,,263604614.84750637,0.37948043478260873,BTC/USD,1615797899529.0,0.19250319999999968,59501.81499
113,58042.3,,,4443.39229035,58042.2,,,58042.3,2021-03-15T08:49:59.827Z,61092.6,58042.3,57276.0,59001.0,,,264354213.2401099,0.37948043478260873,BTC/USD,1615798199827.0,0.1996889999999998,59493.78222
114,57740.8,,,4454.414214,57740.7,,,57740.7,2021-03-15T08:55:00.233Z,61092.6,57740.7,57276.0,59001.0,,,264981933.57263097,0.37948043478260873,BTC/USD,1615798500233.0,0.18417679999999967,59487.49282
115,57790.7,,,4472.6522123,57765.3,,,57810.2,2021-03-15T09:00:00.006Z,61092.6,57810.2,57276.0,59001.0,,,266023188.99345982,0.40464255319148934,BTC/USD,1615798800006.0,0.16209979999999985,59477.72739
116,57938.2,,,4482.97834705,57938.1,,,57951.3,2021-03-15T09:05:00.305Z,61092.6,57951.3,57276.0,59001.0,,,266613957.09109902,0.40464255319148934,BTC/USD,1615799100305.0,0.12182559999999995,59472.5061
117,57893.8,,,4493.72128555,57890.1,,,57890.1,2021-03-15T09:10:00.586Z,61092.6,57890.1,57276.0,59001.0,,,267227799.55568552,0.40464255319148934,BTC/USD,1615799400586.0,0.12527699999999997,59466.92787
118,57518.1,,,4504.96474024,57512.6,,,57523.0,2021-03-15T09:15:00.712Z,61092.6,57523.0,57276.0,59001.0,,,267864214.20946306,0.3593448979591837,BTC/USD,1615799700712.0,0.18405059999999973,59459.78041
119,57595.0,,,4532.60314086,57585.8,,,57581.0,2021-03-15T09:20:00.760Z,61092.6,57581.0,57276.0,59001.0,,,269429111.67282027,0.3593448979591837,BTC/USD,1615800000760.0,0.1877237999999998,59442.46679
120,55743.9,,,4873.15103031,55718.8,,,55744.1,2021-03-15T09:25:01.072Z,61092.6,55744.1,55433.2,59001.0,,,288628755.49679166,0.3484125,BTC/USD,1615800301072.0,0.1413473999999998,59228.36245
121,56120.7,,,4970.68032594,56096.7,,,56053.0,2021-03-15T09:30:00.869Z,61092.6,56053.0,55433.2,59001.0,,,294073850.22239256,0.33902553191489365,BTC/USD,1615800600869.0,0.15308319999999984,59161.69034
122,56000.1,,,5047.70527311,56000.0,,,56000.0,2021-03-15T09:35:01.440Z,61092.6,56000.0,55433.2,59001.0,,,298336637.7765247,0.3221063829787234,BTC/USD,1615800901440.0,0.14559499999999975,59103.41861
123,56039.7,,,5064.21641173,56039.6,,,56039.7,2021-03-15T09:40:01.009Z,61052.7,56039.7,55433.2,59001.0,,,299181979.2234323,0.3296931818181818,BTC/USD,1615801201009.0,0.14766959999999998,59077.64497
124,55466.6,,,5314.34770618,55429.2,,,55490.7,2021-03-15T09:45:01.009Z,61052.7,55490.7,54593.8,59001.0,,,312934542.38938874,0.3172977272727272,BTC/USD,1615801501009.0,0.11847539999999983,58884.84527
125,55568.8,,,5359.83149863,55559.6,,,55539.4,2021-03-15T09:50:01.244Z,61052.7,55539.4,54593.8,59001.0,,,315438257.3188634,0.3555499999999999,BTC/USD,1615801801244.0,0.11150979999999987,58852.27127
126,55587.0,,,5414.86229847,55586.6,,,55587.0,2021-03-15T09:55:01.619Z,61044.8,55587.0,54593.8,59001.0,,,318487793.4509282,0.3544886363636363,BTC/USD,1615802101619.0,0.07532139999999997,58817.33937
127,55830.6,,,5451.79176972,55830.5,,,55830.8,2021-03-15T10:00:01.565Z,60928.8,55830.8,54593.8,59001.0,,,320506802.72557086,0.33442045454545444,BTC/USD,1615802401565.0,0.11592539999999991,58789.2598
128,55669.3,,,5468.26717262,55669.2,,,55669.2,2021-03-15T10:05:01.467Z,60821.4,55669.2,54593.8,59001.0,,,321403260.07702637,0.32135869565217384,BTC/USD,1615802701467.0,0.10810359999999983,58776.07109
129,56063.5,,,5511.28511158,56063.4,,,56063.5,2021-03-15T10:10:01.703Z,60818.3,56063.5,54593.8,59001.0,,,323785689.8092677,0.3061434782608695,BTC/USD,1615803001703.0,0.16521019999999972,58749.58077
130,56199.8,,,5610.41832919,56199.7,,,56166.2,2021-03-15T10:15:02.046Z,60789.0,56166.2,54593.8,59001.0,,,329338437.15763795,0.3061434782608695,BTC/USD,1615803302046.0,0.16983779999999984,58701.22651
131,56329.8,,,5636.24062469,56329.7,,,56329.7,2021-03-15T10:20:02.463Z,60772.9,56329.7,54593.8,59001.0,,,330783110.9798659,0.3061434782608695,BTC/USD,1615803602463.0,0.12005079999999997,58688.607
132,55943.3,,,5684.10057411,55943.2,,,55943.2,2021-03-15T10:25:02.546Z,60743.5,55943.2,54593.8,59001.0,,,333457035.912068,0.32005909090909085,BTC/USD,1615803902546.0,0.14730819999999967,58664.87258
133,56105.3,,,5702.02349664,56093.2,,,56085.7,2021-03-15T10:30:02.875Z,60743.5,56085.7,54593.8,59001.0,,,334453664.9624846,0.2911714285714285,BTC/USD,1615804202875.0,0.1351043999999999,58655.25899
134,56176.5,,,5712.88228727,56176.4,,,56200.0,2021-03-15T10:35:02.794Z,60743.5,56200.0,54593.8,59001.0,,,335041437.92822635,0.2911714285714285,BTC/USD,1615804502794.0,0.14926699999999984,58646.65524
135,55911.4,,,5729.06813503,55903.4,,,55903.4,2021-03-15T10:40:03.427Z,60743.5,55903.4,54593.8,59001.0,,,335907917.28920376,0.29403589743589736,BTC/USD,1615804803427.0,0.11786759999999982,58632.20848
136,55921.2,,,5728.0023789,55918.0,,,55929.5,2021-03-15T10:45:03.255Z,60743.5,55929.5,54593.8,59001.0,,,335771082.53120357,0.29403589743589736,BTC/USD,1615805103255.0,0.16840739999999982,58619.22889
137,56116.1,,,5738.49324623,56109.7,,,56116.2,2021-03-15T10:50:03.965Z,60743.5,56116.2,54593.8,59001.0,,,336323599.472644,0.2927736842105263,BTC/USD,1615805403965.0,0.12321699999999977,58608.34631
138,56337.4,,,5739.47520899,56329.9,,,56337.4,2021-03-15T10:55:03.613Z,60743.5,56337.4,54593.8,59001.0,,,336340029.699458,0.2927736842105263,BTC/USD,1615805703613.0,0.13033359999999988,58601.18172
139,56385.1,,,5750.8864363,56385.0,,,56386.0,2021-03-15T11:00:04.056Z,60743.5,56386.0,54593.8,59001.0,,,336941266.1841779,0.24156249999999996,BTC/USD,1615806004056.0,0.12722099999999983,58589.44876
140,56492.8,,,5784.80129543,56492.7,,,56481.1,2021-03-15T11:05:04.553Z,60743.5,56481.1,54593.8,59001.0,,,338836798.32256275,0.24156249999999996,BTC/USD,1615806304553.0,0.1278016,58573.62786
141,56254.7,,,5785.97881599,56254.6,,,56254.6,2021-03-15T11:10:05.047Z,60743.5,56254.6,54593.8,59001.0,,,338809009.0826691,0.24156249999999996,BTC/USD,1615806605047.0,0.14890679999999978,58556.90452
142,56090.0,,,5758.63337465,56089.9,,,56090.0,2021-03-15T11:15:04.900Z,60743.5,56090.0,54593.8,59001.0,,,337102708.1336932,0.24156249999999996,BTC/USD,1615806904900.0,0.1257055999999999,58538.66468
143,55984.8,,,5761.77675936,55984.7,,,55984.7,2021-03-15T11:20:04.730Z,60743.5,55984.7,54593.8,59001.0,,,337186289.5049521,0.24098717948717946,BTC/USD,1615807204730.0,0.1489761999999998,58521.23461
144,55966.3,,,5744.81624029,55966.2,,,55966.3,2021-03-15T11:25:04.445Z,60743.5,55966.3,54593.8,59001.0,,,336135918.44795763,0.23121315789473681,BTC/USD,1615807504445.0,0.11662999999999986,58511.16979
145,56154.8,,,5680.82381889,56154.7,,,56154.8,2021-03-15T11:30:04.470Z,60743.5,56154.8,54593.8,59001.0,,,332297216.1568218,0.23121315789473681,BTC/USD,1615807804470.0,0.13726119999999983,58494.54705
146,56216.0,,,5675.80258403,56215.9,,,56215.9,2021-03-15T11:35:04.757Z,60743.5,56215.9,54593.8,59001.0,,,331969081.0176218,0.23169487179487178,BTC/USD,1615808104757.0,0.15072959999999977,58488.48266
147,56300.1,,,5714.38793473,56300.0,,,56288.1,2021-03-15T11:40:04.693Z,60743.5,56288.1,54593.8,59001.0,,,334114153.52009755,0.23235499999999995,BTC/USD,1615808404693.0,0.1606505999999997,58468.93094
148,56430.1,,,5715.5745939,56430.0,,,56430.0,2021-03-15T11:45:04.728Z,60743.5,56430.0,54593.8,59001.0,,,334150515.68121207,0.23235499999999995,BTC/USD,1615808704728.0,0.12113199999999989,58463.15365
149,56495.0,,,5704.20562172,56494.9,,,56495.0,2021-03-15T11:50:04.588Z,60743.5,56495.0,54593.8,59001.0,,,333450988.1759427,0.2349225,BTC/USD,1615809004588.0,0.13249019999999986,58457.0421
150,56328.7,,,5709.9376947,56323.4,,,56323.5,2021-03-15T11:55:04.529Z,60743.5,56323.5,54593.8,59001.0,,,333754180.3181069,0.25263749999999996,BTC/USD,1615809304529.0,0.1603299999999997,58451.45747
151,56137.3,,,5696.88342021,56137.2,,,56137.3,2021-03-15T12:00:04.950Z,60743.5,56137.3,54593.8,59001.0,,,332876527.737022,0.2535474999999999,BTC/USD,1615809604950.0,0.14102539999999986,58431.33924
152,56037.6,,,5677.41810482,56028.4,,,56038.7,2021-03-15T12:05:05.505Z,60743.5,56038.7,54593.8,59001.0,,,331592251.50820345,0.25486585365853653,BTC/USD,1615809905505.0,0.1338303999999999,58405.46625
153,55667.7,,,5756.4443848,55662.1,,,55667.9,2021-03-15T12:10:05.965Z,60743.5,55667.9,54593.8,59001.0,,,335839023.4527752,0.25486585365853653,BTC/USD,1615810205965.0,0.13171399999999986,58341.39983
154,55270.7,,,5830.29089307,55244.8,,,55253.8,2021-03-15T12:15:05.846Z,60743.5,55253.8,54593.8,59001.0,,,339894846.88135624,0.26123749999999996,BTC/USD,1615810505846.0,0.1526807999999998,58298.09406
155,55323.2,,,5875.79356654,55308.0,,,55323.2,2021-03-15T12:20:06.039Z,60743.5,55323.2,54593.8,59001.0,,,342366472.29883295,0.29064,BTC/USD,1615810806039.0,0.1598953999999997,58267.27376
156,55450.0,,,5899.68782331,55446.6,,,55455.9,2021-03-15T12:25:05.991Z,60743.5,55455.9,54593.8,59001.0,,,343634347.33670115,0.22967750000000003,BTC/USD,1615811105991.0,0.13019059999999982,58246.1916
157,55724.1,,,5901.20684666,55712.2,,,55711.8,2021-03-15T12:30:05.889Z,60743.5,55711.8,54593.8,59001.0,,,343660086.8073689,0.22967750000000003,BTC/USD,1615811405889.0,0.17981719999999968,58235.56024
158,56108.1,,,5945.28149958,56108.0,,,56108.0,2021-03-15T12:35:05.632Z,60743.5,56108.0,54593.8,59001.0,,,346074931.2150558,0.21865897435897438,BTC/USD,1615811705632.0,0.16759179999999965,58210.016
159,56152.2,,,5961.46489191,56152.1,,,56128.3,2021-03-15T12:40:05.781Z,60743.5,56128.3,54593.8,59001.0,,,346966049.57180434,0.19077435897435896,BTC/USD,1615812005781.0,0.1913661999999999,58201.47495
160,56150.1,,,5969.30441255,56150.0,,,56150.2,2021-03-15T12:45:06.161Z,60743.5,56150.2,54593.8,59001.0,,,347395714.8523257,0.17487368421052632,BTC/USD,1615812306161.0,0.14727519999999966,58197.01775
161,56277.5,,,5973.23819786,56276.1,,,56284.1,2021-03-15T12:50:06.577Z,60743.5,56284.1,54593.8,59001.0,,,347554801.60389924,0.18815500000000002,BTC/USD,1615812606577.0,0.15668339999999978,58185.32429
162,56324.8,,,5987.12547893,56309.5,,,56324.8,2021-03-15T12:55:06.574Z,60743.5,56324.8,54593.8,59001.0,,,348314493.91307145,0.1847891891891892,BTC/USD,1615812906574.0,0.11774399999999992,58177.24969
163,56444.3,,,6013.41632172,56444.2,,,56444.3,2021-03-15T13:00:06.542Z,60743.5,56444.3,54593.8,59001.0,,,349791995.6024886,0.19455135135135138,BTC/USD,1615813206542.0,0.12648639999999994,58168.59783
164,56400.0,,,6016.05007635,56399.9,,,56400.0,2021-03-15T13:05:06.203Z,60743.5,56400.0,54593.8,59001.0,,,349924221.43502426,0.18943157894736845,BTC/USD,1615813506203.0,0.1358265999999999,58165.11116
165,56675.4,,,6054.12357606,56675.3,,,56675.3,2021-03-15T13:10:06.780Z,60743.5,56675.3,54593.8,59001.0,,,352052820.99090964,0.20628108108108112,BTC/USD,1615813806780.0,0.12075339999999982,58150.91426
166,56543.1,,,6067.13939768,56543.0,,,56543.1,2021-03-15T13:15:06.965Z,60743.5,56543.1,54593.8,59001.0,,,352774065.0871783,0.22549473684210525,BTC/USD,1615814106965.0,0.15399419999999975,58145.04035
167,56751.1,,,6072.99750957,56751.0,,,56751.1,2021-03-15T13:20:06.885Z,60743.5,56751.1,54593.8,59001.0,,,353082878.5829705,0.1818897435897436,BTC/USD,1615814406885.0,0.1751629999999998,58139.80296
168,56840.8,,,6109.44511399,56840.7,,,56840.7,2021-03-15T13:25:06.553Z,60743.5,56840.7,54593.8,59001.0,,,355127629.5459645,0.1818897435897436,BTC/USD,1615814706553.0,0.1550539999999998,58127.64055
169,56920.2,,,6160.9971507,56920.1,,,56922.3,2021-03-15T13:30:07.224Z,60743.5,56922.3,54593.8,59001.0,,,358043673.630258,0.18870512820512816,BTC/USD,1615815007224.0,0.19129699999999988,58114.56569
170,56928.0,,,6186.89995638,56922.4,,,56959.6,2021-03-15T13:35:07.660Z,60743.5,56959.6,54593.8,59001.0,,,359427838.1370329,0.16604750000000001,BTC/USD,1615815307660.0,0.18762319999999966,58094.98144
171,56951.8,,,6202.94815324,56951.7,,,56960.6,2021-03-15T13:40:07.684Z,60743.5,56960.6,54593.8,59001.0,,,360268865.8222558,0.17135249999999996,BTC/USD,1615815607684.0,0.16609379999999976,58080.26392
172,56800.1,,,6229.94396211,56800.0,,,56800.1,2021-03-15T13:45:07.501Z,60743.5,56800.1,54593.8,59001.0,,,361770826.25649405,0.1696026315789473,BTC/USD,1615815907501.0,0.1620479999999997,58069.67582
173,56810.2,,,6220.35604864,56810.1,,,56805.1,2021-03-15T13:50:08.162Z,60743.5,56805.1,54593.8,59001.0,,,361142707.88900226,0.19120263157894737,BTC/USD,1615816208162.0,0.17400299999999969,58058.2052
174,56979.3,,,6205.79276044,56979.2,,,56979.3,2021-03-15T13:55:08.635Z,60743.5,56979.3,54593.8,59001.0,,,360225371.7984792,0.20417179487179485,BTC/USD,1615816508635.0,0.1554855999999999,58046.63251
175,56900.1,,,6198.05399279,56900.0,,,56900.1,2021-03-15T14:00:08.661Z,60743.5,56900.1,54593.8,59001.0,,,359735945.5175401,0.20417179487179485,BTC/USD,1615816808661.0,0.18972319999999973,58040.14388
176,57000.0,,,6229.17698319,56999.9,,,57000.0,2021-03-15T14:05:08.391Z,60743.5,57000.0,54593.8,59001.0,,,361490227.83350337,0.21224047619047617,BTC/USD,1615817108391.0,0.16645639999999987,58031.77993
177,57153.5,,,6270.68511439,57153.4,,,57153.5,2021-03-15T14:10:08.458Z,60743.5,57153.5,54593.8,59001.0,,,363826402.2791909,0.21224047619047617,BTC/USD,1615817408458.0,0.16806779999999977,58020.19965
178,57126.1,,,6273.78147157,57121.5,,,57130.2,2021-03-15T14:15:09.043Z,60743.5,57130.2,54593.8,59001.0,,,363973710.06439054,0.2386047619047619,BTC/USD,1615817709043.0,0.18355039999999984,58015.04431
179,57249.1,,,6278.55068788,57249.0,,,57249.0,2021-03-15T14:20:09.426Z,60743.5,57249.0,54593.8,59001.0,,,364230837.2304798,0.25476976744186053,BTC/USD,1615818009426.0,0.1512445999999998,58011.92908
180,57078.2,,,6307.06893496,57070.5,,,57078.2,2021-03-15T14:25:09.469Z,60743.5,57078.2,54593.8,59001.0,,,365835494.42770815,0.2861825000000001,BTC/USD,1615818309469.0,0.1475075999999998,58004.04248
181,57062.9,,,6319.10975122,57062.8,,,57062.9,2021-03-15T14:30:09.572Z,60743.5,57062.9,54593.8,59001.0,,,366509824.33724606,0.2918837209302326,BTC/USD,1615818609572.0,0.16370479999999984,58000.23085
182,57178.3,,,6325.96327161,57174.9,,,57186.6,2021-03-15T14:35:09.713Z,60743.5,57186.6,54593.8,59001.0,,,366861630.0148749,0.33773488372093036,BTC/USD,1615818909713.0,0.1444487999999998,57993.00664
183,56620.1,,,6357.38437948,56620.0,,,56620.0,2021-03-15T14:40:09.454Z,60743.5,56620.0,54593.8,59001.0,,,368628873.03704,0.34465116279069774,BTC/USD,1615819209454.0,0.13753719999999983,57984.36134
184,56910.8,,,6412.58704118,56910.7,,,56910.8,2021-03-15T14:45:09.721Z,60743.5,56910.8,54593.8,59001.0,,,371726045.9752904,0.33162093023255823,BTC/USD,1615819509721.0,0.1589485999999998,57968.18719
185,56900.1,,,6414.21654699,56900.0,,,56900.0,2021-03-15T14:50:10.027Z,60743.5,56900.0,54593.8,59001.0,,,371775452.5933652,0.31459767441860476,BTC/USD,1615819810027.0,0.14839939999999985,57961.16328
186,56618.8,,,6439.8329163,56608.6,,,56619.0,2021-03-15T14:55:09.965Z,60743.5,56619.0,54593.8,59001.0,,,373208944.7996025,0.3033700000000001,BTC/USD,1615820109965.0,0.20465279999999958,57953.20308
187,56209.2,,,6490.6004518,56209.1,,,56209.1,2021-03-15T15:00:10.209Z,60743.5,56209.1,54593.8,59001.0,,,376055588.0075837,0.3033700000000001,BTC/USD,1615820410209.0,0.15933479999999975,57938.48979
188,56593.6,,,6506.60378756,56576.8,,,56593.6,2021-03-15T15:05:10.580Z,60743.5,56593.6,54593.8,59001.0,,,376941715.97839063,0.31070714285714296,BTC/USD,1615820710580.0,0.1781433999999998,57932.17603
189,56516.5,,,6514.19278182,56516.4,,,56551.0,2021-03-15T15:10:10.801Z,60743.5,56551.0,54593.8,59001.0,,,377339935.39962023,0.3028625000000001,BTC/USD,1615821010801.0,0.1577235999999998,57925.81645
190,56798.8,,,6500.3695054,56798.7,,,56798.8,2021-03-15T15:15:10.712Z,60743.5,56798.8,54593.8,59001.0,,,376471722.5606913,0.30478250000000007,BTC/USD,1615821310712.0,0.17656619999999973,57915.43423
191,56659.9,,,6494.65866812,56659.8,,,56659.9,2021-03-15T15:20:10.557Z,60743.5,56659.9,54593.8,59001.0,,,376088576.15021783,0.29201250000000006,BTC/USD,1615821610557.0,0.2602476000000002,57907.36594
192,56696.8,,,6493.73341416,56696.7,,,56696.8,2021-03-15T15:25:10.669Z,60743.5,56696.8,54593.8,59001.0,,,375999200.74980986,0.3142250000000001,BTC/USD,1615821910669.0,0.20162479999999997,57901.85349
193,56500.1,,,6494.48610671,56500.0,,,56500.1,2021-03-15T15:30:10.731Z,60743.5,56500.1,54593.8,59001.0,,,376018148.15886295,0.3096179487179488,BTC/USD,1615822210731.0,0.1666151999999999,57898.06029
194,56324.4,,,6509.22208841,56321.3,,,56320.8,2021-03-15T15:35:10.336Z,60743.5,56320.8,54593.8,59001.0,,,376832698.59971607,0.30102051282051295,BTC/USD,1615822510336.0,0.18794779999999972,57892.12497
195,56021.6,,,6552.38621719,56004.5,,,55980.6,2021-03-15T15:40:10.302Z,60743.5,55980.6,54593.8,59001.0,,,379232620.83643717,0.31496666666666673,BTC/USD,1615822810302.0,0.16281659999999992,57877.02499
196,56126.8,,,6553.90027253,56126.7,,,56126.8,2021-03-15T15:45:10.995Z,60743.5,56126.8,54593.8,59001.0,,,379279508.18953246,0.3288725,BTC/USD,1615823110995.0,0.17334639999999987,57870.80859
197,56160.4,,,6564.43145231,56160.2,,,56140.6,2021-03-15T15:50:10.915Z,60743.5,56140.6,54593.8,59001.0,,,379854636.9029535,0.338945,BTC/USD,1615823410915.0,0.18095659999999997,57865.58054
198,56121.8,,,6586.00520886,56111.9,,,56096.7,2021-03-15T15:55:11.434Z,60743.5,56096.7,54593.8,59001.0,,,381028661.4198818,0.338945,BTC/USD,1615823711434.0,0.15915619999999972,57854.29093
199,56294.0,,,6566.10906679,56293.9,,,56274.1,2021-03-15T16:00:11.333Z,60743.5,56274.1,54593.8,59001.0,,,379804937.4540754,0.3653775,BTC/USD,1615824011333.0,0.1460907999999999,57843.22703
200,55848.0,,,6538.77594857,55847.9,,,55848.0,2021-03-15T16:05:11.359Z,60743.5,55848.0,54593.8,59001.0,,,378061955.7621321,0.3654846153846154,BTC/USD,1615824311359.0,0.1512996,57818.46002
201,56207.9,,,6556.63278231,56207.8,,,56207.8,2021-03-15T16:10:11.156Z,60743.5,56207.8,54593.8,59001.0,,,378969627.308485,0.3662575,BTC/USD,1615824611156.0,0.13087559999999984,57799.42844
202,56550.1,,,6559.87221391,56550.0,,,56550.3,2021-03-15T16:15:11.036Z,60743.5,56550.3,54593.8,59001.0,,,379089140.4171003,0.361345238095238,BTC/USD,1615824911036.0,0.11728079999999994,57789.10443
203,56369.1,,,6559.95324592,56366.9,,,56379.2,2021-03-15T16:20:11.807Z,60743.5,56379.2,54593.8,59001.0,,,379050496.59558547,0.38656341463414623,BTC/USD,1615825211807.0,0.1736769999999999,57782.49972
204,56515.1,,,6563.07746755,56513.0,,,56515.0,2021-03-15T16:25:12.092Z,60743.5,56515.0,54593.8,59001.0,,,379201156.97518396,0.3894666666666666,BTC/USD,1615825512092.0,0.17838899999999985,57777.94927
205,56600.1,,,6561.10472202,56600.0,,,56600.1,2021-03-15T16:30:11.689Z,60743.5,56600.1,54593.8,59001.0,,,379041846.81739175,0.35796756756756754,BTC/USD,1615825811689.0,0.19950399999999982,57771.04053
206,56454.7,,,6557.4689691,56454.6,,,56450.6,2021-03-15T16:35:12.435Z,60743.5,56450.6,54593.8,59001.0,,,378789613.3245284,0.3401078947368421,BTC/USD,1615826112435.0,0.2059495999999995,57764.6063
207,56332.1,,,6554.44673722,56329.2,,,56323.3,2021-03-15T16:40:12.509Z,60743.5,56323.3,54593.8,59001.0,,,378566547.5247494,0.3478605263157894,BTC/USD,1615826412509.0,0.1468965999999998,57757.20861
208,56261.5,,,6545.45840411,56258.9,,,56261.3,2021-03-15T16:45:13.184Z,60743.5,56261.3,54593.8,59001.0,,,378002764.7661237,0.3485105263157894,BTC/USD,1615826713184.0,0.16165019999999974,57750.38835
209,56350.6,,,6552.46109594,56350.0,,,56330.1,2021-03-15T16:50:13.166Z,60743.5,56330.1,54593.8,59001.0,,,378370765.9578865,0.3726236842105262,BTC/USD,1615827013166.0,0.12817279999999998,57744.83212
210,56267.4,,,6550.2025957,56267.3,,,56267.4,2021-03-15T16:55:13.456Z,60743.5,56267.4,54593.8,59001.0,,,378213913.3435308,0.0,BTC/USD,1615827313456.0,0.20705119999999955,57740.79623
211,56338.0,,,6556.27742582,56332.7,,,56337.9,2021-03-15T17:00:13.104Z,60743.5,56337.9,54593.8,59001.0,,,378528098.51510084,0.3765638888888888,BTC/USD,1615827613104.0,0.1676349999999999,57735.21679
212,56121.3,,,6575.50641393,56112.3,,,56124.2,2021-03-15T17:05:13.147Z,60743.5,56124.2,54593.8,59001.0,,,379599051.8052267,0.35611714285714274,BTC/USD,1615827913147.0,0.1991577999999999,57729.24972
213,56156.6,,,6579.1162324,56156.5,,,56156.6,2021-03-15T17:10:13.529Z,60743.5,56156.6,54593.8,59001.0,,,379782036.6860589,0.3044361111111111,BTC/USD,1615828213529.0,0.1813571999999998,57725.38792
214,55867.1,,,6606.33563699,55867.0,,,55867.0,2021-03-15T17:15:13.709Z,60743.5,55867.0,54593.8,59001.0,,,381268773.84443116,0.31471351351351345,BTC/USD,1615828513709.0,0.18764899999999973,57712.59512
215,56000.0,,,6620.58827604,55999.9,,,56000.0,2021-03-15T17:20:13.916Z,60743.5,56000.0,54593.8,59001.0,,,382020520.26182073,0.30643157894736833,BTC/USD,1615828813916.0,0.1761777999999999,57701.89964
216,55915.1,,,6658.71199946,55915.0,,,55915.0,2021-03-15T17:25:14.033Z,60743.5,55915.0,54593.8,59001.0,,,384140007.81459075,0.30643157894736833,BTC/USD,1615829114033.0,0.21629019999999988,57689.83669
217,55611.8,,,6690.94135969,55606.3,,,55620.2,2021-03-15T17:30:14.410Z,60743.5,55620.2,54593.8,59001.0,,,385898254.2307671,0.2879486486486486,BTC/USD,1615829414410.0,0.15476059999999991,57674.73267
218,55832.3,,,6702.49563019,55832.2,,,55832.3,2021-03-15T17:35:14.630Z,60743.5,55832.3,54593.8,59001.0,,,386530664.58715475,0.28014358974358977,BTC/USD,1615829714630.0,0.17124919999999982,57669.66305
219,55843.1,,,6704.87246223,55843.0,,,55843.1,2021-03-15T17:40:14.682Z,60743.5,55843.1,54593.8,59001.0,,,386649612.21861637,0.28014358974358977,BTC/USD,1615830014682.0,0.12976399999999988,57666.96002
220,55932.3,,,6705.85037155,55932.2,,,55932.3,2021-03-15T17:45:14.544Z,60743.5,55932.3,54593.8,59001.0,,,386687021.1479911,0.2316820512820513,BTC/USD,1615830314544.0,0.12977859999999994,57664.12904
221,56021.3,,,6737.3256659,56021.2,,,56028.1,2021-03-15T17:50:14.782Z,60743.5,56028.1,54593.8,59001.0,,,388442611.2245013,0.2569717948717949,BTC/USD,1615830614782.0,0.1482063999999999,57655.31169
222,55950.1,,,6746.0040561,55950.0,,,55950.0,2021-03-15T17:55:14.759Z,60743.5,55950.0,54593.8,59001.0,,,388917990.5832527,0.2562378378378378,BTC/USD,1615830914759.0,0.14296179999999983,57651.60936
223,56060.0,,,6772.1869683,56056.7,,,56060.0,2021-03-15T18:00:15.093Z,60743.5,56060.0,54593.8,59001.0,,,390361506.6208501,0.2444277777777778,BTC/USD,1615831215093.0,0.1146615999999999,57641.8679
224,56109.2,,,6763.45154809,56109.1,,,56109.1,2021-03-15T18:05:15.254Z,60743.5,56109.1,54593.8,59001.0,,,389807864.7921387,0.2444277777777778,BTC/USD,1615831515254.0,0.12542499999999987,57634.45809
225,55874.4,,,6765.5343703,55874.3,,,55857.2,2021-03-15T18:10:14.998Z,60743.5,55857.2,54593.8,59001.0,,,389913527.4517932,0.23700277777777778,BTC/USD,1615831814998.0,0.10231879999999997,57632.33266
226,56080.9,,,6772.11844885,56080.8,,,56080.8,2021-03-15T18:15:15.673Z,60743.5,56080.8,54593.8,59001.0,,,390257952.0364071,0.27095142857142857,BTC/USD,1615832115673.0,0.13638979999999984,57627.1598
227,55971.4,,,6758.98220639,55971.3,,,55971.4,2021-03-15T18:20:15.797Z,60743.5,55971.4,54593.8,59001.0,,,389408983.832066,0.2993914285714286,BTC/USD,1615832415797.0,0.13485359999999982,57613.55363
228,56010.4,,,6759.16652687,56010.1,,,56004.4,2021-03-15T18:25:16.402Z,60743.5,56004.4,54593.8,59001.0,,,389396811.14521366,0.28424324324324324,BTC/USD,1615832716402.0,0.1779277999999998,57610.18161
229,56373.1,,,6770.40672108,56373.0,,,56373.0,2021-03-15T18:30:16.177Z,60743.5,56373.0,54593.8,59001.0,,,390017972.9793799,0.28424324324324324,BTC/USD,1615833016177.0,0.16153519999999966,57606.28409
230,56343.9,,,6771.95062921,56343.8,,,56343.8,2021-03-15T18:35:16.482Z,60743.5,56343.8,54593.8,59001.0,,,390088533.46063244,0.2674275,BTC/USD,1615833316482.0,0.1112367999999999,57603.5702
231,56239.3,,,6754.27263184,56233.6,,,56266.2,2021-03-15T18:40:16.820Z,60743.5,56266.2,54593.8,59001.0,,,388983789.4176526,0.23880500000000002,BTC/USD,1615833616820.0,0.16684659999999976,57590.77411
232,56221.4,,,6743.77353935,56221.3,,,56221.4,2021-03-15T18:45:16.803Z,60743.5,56221.4,54593.8,59001.0,,,388331584.8345883,0.23880500000000002,BTC/USD,1615833916803.0,0.2017759999999998,57583.72261
233,56076.4,,,6749.66963525,56067.8,,,56061.1,2021-03-15T18:50:16.696Z,60743.5,56061.1,54593.8,59001.0,,,388651586.03318834,0.2259536585365854,BTC/USD,1615834216696.0,0.1394575999999998,57580.83092
234,56164.8,,,6750.70281869,56164.7,,,56160.2,2021-03-15T18:55:16.792Z,60743.5,56160.2,54593.8,59001.0,,,388700978.3402184,0.15356744186046514,BTC/USD,1615834516792.0,0.1603935999999999,57579.33489
235,56172.5,,,6757.00782503,56172.4,,,56172.5,2021-03-15T19:00:17.405Z,60743.5,56172.5,54593.8,59001.0,,,389047241.66683674,0.15886511627906974,BTC/USD,1615834817405.0,0.14940399999999984,57576.85232
236,56345.7,,,6753.41538527,56345.6,,,56347.4,2021-03-15T19:05:17.300Z,60743.5,56347.4,54593.8,59001.0,,,388811200.07846636,0.17707272727272727,BTC/USD,1615835117300.0,0.15203979999999986,57572.52855
237,56296.7,,,6754.74455729,56296.6,,,56300.0,2021-03-15T19:10:17.417Z,60743.5,56300.0,54593.8,59001.0,,,388877413.5655382,0.1449363636363636,BTC/USD,1615835417417.0,0.14590099999999975,57571.00217
238,56268.1,,,6753.23926532,56268.0,,,56255.8,2021-03-15T19:15:17.744Z,60743.5,56255.8,54593.8,59001.0,,,388774578.1200969,0.14867272727272723,BTC/USD,1615835717744.0,0.17169699999999974,57568.60713
239,56350.0,,,6760.06857481,56349.9,,,56350.0,2021-03-15T19:20:17.645Z,60743.5,56350.0,54593.8,59001.0,,,389138565.97723335,0.15721555555555553,BTC/USD,1615836017645.0,0.16069999999999987,57564.29268
240,56464.9,,,6779.83636715,56451.1,,,56464.9,2021-03-15T19:25:18.308Z,60743.5,56464.9,54593.8,59001.0,,,390240200.9040543,0.15834222222222222,BTC/USD,1615836318308.0,0.14980919999999984,57558.94092
241,56438.5,,,6778.73114925,56438.4,,,56438.5,2021-03-15T19:30:18.384Z,60743.5,56438.5,54593.8,59001.0,,,390133793.0938201,0.14280681818181817,BTC/USD,1615836618384.0,0.10097999999999985,57552.62814
242,56401.7,,,6775.20896796,56401.6,,,56401.7,2021-03-15T19:35:18.218Z,60743.5,56401.7,54593.8,59001.0,,,389897016.07883954,0.14280681818181817,BTC/USD,1615836918218.0,0.1278274,57547.60007
243,56413.9,,,6778.67199112,56413.8,,,56398.5,2021-03-15T19:40:18.527Z,60743.5,56398.5,54593.8,59001.0,,,390063493.876859,0.14303555555555555,BTC/USD,1615837218527.0,0.13905399999999987,57542.75976
244,56448.5,,,6772.95776327,56447.3,,,56447.3,2021-03-15T19:45:18.546Z,60743.5,56447.3,54593.8,59001.0,,,389706292.8549261,0.1631044444444444,BTC/USD,1615837518546.0,0.16586239999999988,57538.5683
245,56600.1,,,6782.8107178,56600.0,,,56600.1,2021-03-15T19:50:18.687Z,60743.5,56600.1,54593.8,59001.0,,,390251842.26675504,0.1458595744680851,BTC/USD,1615837818687.0,0.14469699999999988,57535.41688
246,56639.9,,,6793.14765122,56631.8,,,56650.9,2021-03-15T19:55:18.826Z,60743.5,56650.9,54593.8,59001.0,,,390830029.0415908,0.1614872340425532,BTC/USD,1615838118826.0,0.1294015999999999,57532.98016
247,56645.1,,,6800.85457377,56645.0,,,56645.1,2021-03-15T20:00:19.276Z,60743.5,56645.1,54593.8,59001.0,,,391259108.32397956,0.1614872340425532,BTC/USD,1615838419276.0,0.11518020000000001,57530.87411
248,56575.4,,,6803.35324299,56575.3,,,56575.3,2021-03-15T20:05:19.368Z,60743.5,56575.3,54593.8,59001.0,,,391376980.08111805,0.1682708333333333,BTC/USD,1615838719368.0,0.1077301999999999,57527.07027
249,56631.9,,,6782.92100749,56624.5,,,56625.5,2021-03-15T20:10:19.874Z,60743.5,56625.5,54593.8,59001.0,,,390141092.6367934,0.18488333333333337,BTC/USD,1615839019874.0,0.11930400000000001,57518.15364
250,56777.4,,,6802.3599205,56777.3,,,56789.9,2021-03-15T20:15:19.770Z,60743.5,56789.9,54593.8,59001.0,,,391228325.6806606,0.1747808510638298,BTC/USD,1615839319770.0,0.10993879999999992,57513.61737
251,56870.3,,,6808.79940854,56870.2,,,56870.2,2021-03-15T20:20:19.352Z,60743.5,56870.2,54593.8,59001.0,,,391579867.4061584,0.14211521739130434,BTC/USD,1615839619352.0,0.13735180000000013,57510.85381
252,56719.5,,,6820.35288237,56710.3,,,56702.2,2021-03-15T20:25:19.758Z,60743.5,56702.2,54593.8,59001.0,,,392222693.14435494,0.1522239130434783,BTC/USD,1615839919758.0,0.12876199999999993,57507.68324
253,56858.6,,,6821.84204359,56858.5,,,56858.6,2021-03-15T20:30:19.695Z,60743.5,56858.6,54593.8,59001.0,,,392304095.333271,0.1481285714285714,BTC/USD,1615840219695.0,0.08894599999999996,57507.06229
254,56874.8,,,6820.49864693,56874.7,,,56874.8,2021-03-15T20:35:19.706Z,60743.5,56874.8,54593.8,59001.0,,,392192096.7813468,0.15132857142857142,BTC/USD,1615840519706.0,0.17898179999999983,57501.96827
255,56800.1,,,6834.62892981,56800.0,,,56800.1,2021-03-15T20:40:20.113Z,60743.5,56800.1,54593.8,59001.0,,,392976935.74868554,0.1469549019607843,BTC/USD,1615840820113.0,0.12093279999999991,57497.91829
256,56506.6,,,6844.66130716,56500.2,,,56505.5,2021-03-15T20:45:20.637Z,60743.5,56505.5,54593.8,59001.0,,,393514855.96955925,0.1469549019607843,BTC/USD,1615841120637.0,0.11486799999999994,57492.23202
257,56451.9,,,6856.55453625,56444.4,,,56436.7,2021-03-15T20:50:21.154Z,60743.5,56436.7,54593.8,59001.0,,,394158775.743608,0.149894,BTC/USD,1615841421154.0,0.10756399999999998,57486.42028
258,56319.8,,,6860.67743155,56319.7,,,56308.1,2021-03-15T20:55:21.349Z,60743.5,56308.1,54593.8,59001.0,,,394338769.40948415,0.16533749999999997,BTC/USD,1615841721349.0,0.1588115999999998,57478.10961
259,56420.1,,,6865.40421087,56419.2,,,56416.8,2021-03-15T21:00:21.243Z,60743.5,56416.8,54593.8,59001.0,,,394582686.2191191,0.16533749999999997,BTC/USD,1615842021243.0,0.09681447368421055,57474.06476
260,56513.0,,,6856.53904799,56512.6,,,56513.3,2021-03-15T21:05:21.424Z,60743.5,56513.3,54593.8,59001.0,,,394022437.94692606,0.1753104166666667,BTC/USD,1615842321424.0,0.14992479999999989,57466.66579
261,56520.5,,,6850.07602043,56520.4,,,56491.6,2021-03-15T21:10:21.921Z,60743.5,56491.6,54593.8,59001.0,,,393593225.55215245,0.17468125,BTC/USD,1615842621921.0,0.1450397999999998,57458.22738
262,56640.0,,,6850.80585605,56636.3,,,56643.1,2021-03-15T21:15:22.041Z,60743.5,56643.1,54593.8,59001.0,,,393614970.32918584,0.17468125,BTC/USD,1615842922041.0,0.14748319999999987,57455.28024
263,56631.0,,,6854.11950231,56630.9,,,56631.0,2021-03-15T21:20:22.312Z,60743.5,56631.0,54593.8,59001.0,,,393791549.72826254,0.16980204081632655,BTC/USD,1615843222312.0,0.14213259999999983,57453.26582
264,56468.4,,,6862.4072518,56468.3,,,56457.4,2021-03-15T21:25:22.788Z,60743.5,56457.4,54593.8,59001.0,,,394236810.6317265,0.18987142857142858,BTC/USD,1615843522788.0,0.15455339999999976,57448.76341
265,56596.4,,,6867.3546366,56596.3,,,56596.3,2021-03-15T21:30:23.522Z,60743.5,56596.3,54593.8,59001.0,,,394496325.02015024,0.18987142857142858,BTC/USD,1615843823522.0,0.1132401999999999,57445.1657
266,56670.1,,,6872.60559181,56670.0,,,56670.0,2021-03-15T21:35:23.999Z,60743.5,56670.0,54593.8,59001.0,,,394770411.9874122,0.18738125000000003,BTC/USD,1615844123999.0,0.1415055999999998,57441.1563
267,56848.2,,,6883.67531809,56848.1,,,56848.1,2021-03-15T21:40:24.362Z,60743.5,56848.1,54593.8,59001.0,,,395376312.8670798,0.18738125000000003,BTC/USD,1615844424362.0,0.13608559999999992,57436.80441
268,56761.8,,,6906.58072152,56761.7,,,56761.7,2021-03-15T21:45:24.949Z,60743.5,56761.7,54593.8,59001.0,,,396660120.47987443,0.18738125000000003,BTC/USD,1615844724949.0,0.14905219999999966,57432.1993
269,56834.7,,,6911.73309447,56834.6,,,56834.6,2021-03-15T21:50:24.651Z,60743.5,56834.6,54593.8,59001.0,,,396908595.22314215,0.18738125000000003,BTC/USD,1615845024651.0,0.15244319999999942,57425.33599
270,56848.9,,,6933.02990608,56837.3,,,56824.6,2021-03-15T21:55:25.230Z,60743.5,56824.6,54593.8,59001.0,,,398110279.82654786,0.18738125000000003,BTC/USD,1615845325230.0,0.14661419999999972,57422.2649
271,56790.4,,,6933.88304006,56790.3,,,56790.3,2021-03-15T22:00:25.489Z,60743.5,56790.3,54593.8,59001.0,,,398139755.93300194,0.18738125000000003,BTC/USD,1615845625489.0,0.11684159999999978,57419.45078
272,56918.3,,,6928.81646002,56918.2,,,56914.5,2021-03-15T22:05:25.539Z,60743.5,56914.5,54593.8,59001.0,,,397819060.76395124,0.18738125000000003,BTC/USD,1615845925539.0,0.12615179999999981,57415.15352
273,56752.6,,,6933.75096765,56752.5,,,56753.8,2021-03-15T22:10:25.879Z,60743.5,56753.8,54593.8,59001.0,,,398069980.9605023,0.18738125000000003,BTC/USD,1615846225879.0,0.1672285999999997,57410.4814
274,56613.3,,,6936.54929072,56613.2,,,56613.3,2021-03-15T22:15:26.009Z,60743.5,56613.3,54593.8,59001.0,,,398184756.25297886,0.18738125000000003,BTC/USD,1615846526009.0,0.12902439999999993,57403.86748
275,56447.1,,,6944.99073419,56442.6,,,56442.6,2021-03-15T22:20:26.026Z,60743.5,56442.6,54593.8,59001.0,,,398613842.69639724,0.18738125000000003,BTC/USD,1615846826026.0,0.15897519999999965,57395.87826
276,56536.1,,,6946.44014912,56536.0,,,56536.1,2021-03-15T22:25:26.333Z,60743.5,56536.1,54593.8,59001.0,,,398672703.85782504,0.18738125000000003,BTC/USD,1615847126333.0,0.10798479999999992,57392.37585
277,56288.8,,,6994.87713155,56285.5,,,56268.9,2021-03-15T22:30:26.825Z,60743.5,56268.9,54593.8,59001.0,,,401391065.16773194,0.18738125000000003,BTC/USD,1615847426825.0,0.11829759999999997,57383.57624
278,56382.7,,,7001.47461926,56376.0,,,56351.2,2021-03-15T22:35:27.408Z,60743.5,56351.2,54593.8,59001.0,,,401749577.69864386,0.18738125000000003,BTC/USD,1615847727408.0,0.11747859999999986,57380.709
279,56351.5,,,7013.14858432,56351.4,,,56351.5,2021-03-15T22:40:27.686Z,60743.5,56351.5,54593.8,59001.0,,,402404360.6627494,0.18738125000000003,BTC/USD,1615848027686.0,0.10236619999999996,57378.55912
280,56227.6,,,6969.98968475,56222.4,,,56217.9,2021-03-15T22:45:28.299Z,60743.5,56217.9,54593.8,59001.0,,,399752542.6796349,0.18738125000000003,BTC/USD,1615848328299.0,0.1385957999999999,57353.39086
281,56091.9,,,6988.32841799,56082.9,,,56082.9,2021-03-15T22:50:28.212Z,60743.5,56082.9,54593.8,59001.0,,,400744523.7027591,0.18738125000000003,BTC/USD,1615848628212.0,0.14739399999999975,57344.83266
282,56150.0,,,6997.42245079,56149.9,,,56146.8,2021-03-15T22:55:27.916Z,60743.5,56146.8,54593.8,59001.0,,,401247143.1751021,0.18738125000000003,BTC/USD,1615848927916.0,0.14968719999999983,57342.13505
283,56209.7,,,6995.1512788,56209.6,,,56209.7,2021-03-15T23:00:28.373Z,60743.5,56209.7,54593.8,59001.0,,,401082593.91001654,0.18738125000000003,BTC/USD,1615849228373.0,0.12291979999999998,57337.22945
284,56281.4,,,6961.40026436,56281.3,,,56281.4,2021-03-15T23:05:28.837Z,60743.5,56281.4,54593.8,59001.0,,,398997037.51789176,0.18047916666666666,BTC/USD,1615849528837.0,0.17690559999999966,57315.62938
285,56449.8,,,6959.48433115,56449.7,,,56449.8,2021-03-15T23:10:29.315Z,60743.5,56449.8,54593.8,59001.0,,,398849376.9756622,0.18047916666666666,BTC/USD,1615849829315.0,0.07660780000000002,57310.1911
286,56530.6,,,6934.65187514,56530.5,,,56519.1,2021-03-15T23:15:29.900Z,60743.5,56519.1,54593.8,59001.0,,,397333255.1126153,0.18047916666666666,BTC/USD,1615850129900.0,0.14838599999999968,57296.78465
287,56593.7,,,6914.65100085,56593.6,,,56593.6,2021-03-15T23:20:30.392Z,60595.9,56593.6,54593.8,59001.0,,,396078102.3368312,0.18047916666666666,BTC/USD,1615850430392.0,0.10242839999999992,57280.99687
288,56484.6,,,6921.02067031,56472.2,,,56473.4,2021-03-15T23:25:30.074Z,60580.0,56473.4,54593.8,59001.0,,,396422306.3212582,0.18047916666666666,BTC/USD,1615850730074.0,0.13892399999999994,57278.01219
289,56518.4,,,6924.83433293,56518.3,,,56518.3,2021-03-15T23:30:30.159Z,60580.0,56518.3,54593.8,59001.0,,,396619722.0229987,0.18047916666666666,BTC/USD,1615851030159.0,0.15603079999999978,57274.97626
290,56519.1,,,6913.99181173,56519.0,,,56514.6,2021-03-15T23:35:29.881Z,60580.0,56514.6,54593.8,59001.0,,,395935113.96175534,0.18047916666666666,BTC/USD,1615851329881.0,0.13962339999999987,57265.7771
291,56352.2,,,6903.57000586,56352.1,,,56352.1,2021-03-15T23:40:29.735Z,60580.0,56352.1,54593.8,59001.0,,,395290141.0860709,0.18047916666666666,BTC/USD,1615851629735.0,0.15380900000000003,57258.80099
292,56064.6,,,6889.9943407,56056.9,,,56073.5,2021-03-15T23:45:30.181Z,60580.0,56073.5,54593.8,59001.0,,,394420761.2136784,0.18047916666666666,BTC/USD,1615851930181.0,0.12337919999999998,57245.44052
293,55699.9,,,6878.43032425,55699.8,,,55699.9,2021-03-15T23:50:30.652Z,60580.0,55699.9,54593.8,59001.0,,,393500422.6310738,0.18047916666666666,BTC/USD,1615852230652.0,0.12211839999999986,57207.88088
294,55775.2,,,6858.53901805,55775.1,,,55782.7,2021-03-15T23:55:30.571Z,60580.0,55782.7,54593.8,59001.0,,,392259471.7401673,0.18047916666666666,BTC/USD,1615852530571.0,0.11833759999999992,57192.86144
295,55662.4,,,6723.92002075,55642.3,,,55662.3,2021-03-16T00:00:30.902Z,60580.0,55662.3,54593.8,55627.6,,,384229309.2979243,0.18047916666666666,BTC/USD,1615852830902.0,0.09262519999999991,57143.64658
296,55900.2,,,6753.82283779,55900.1,,,55900.1,2021-03-16T00:05:31.059Z,60580.0,55900.1,54593.8,55627.6,,,385620703.30653316,0.18047916666666666,BTC/USD,1615853131059.0,0.1051759999999999,57096.6566
297,55914.5,,,6771.65112301,55911.8,,,55923.5,2021-03-16T00:10:31.621Z,60580.0,55923.5,54593.8,55627.6,,,386567221.02520543,0.17679591836734695,BTC/USD,1615853431621.0,0.09732719999999992,57086.11002
298,55852.0,,,6781.69962041,55849.4,,,55861.0,2021-03-16T00:15:31.539Z,60580.0,55861.0,54593.8,55627.6,,,387083852.9772368,0.19223400000000004,BTC/USD,1615853731539.0,0.11075239999999993,57077.70539
299,55867.3,,,6768.10261503,55867.2,,,55867.2,2021-03-16T00:20:31.292Z,60580.0,55867.2,54593.8,55627.6,,,386233109.72668815,0.19366346153846153,BTC/USD,1615854031292.0,0.12267739999999994,57066.67462
300,55136.2,,,6775.57940125,55121.2,,,55197.3,2021-03-16T00:25:31.708Z,60580.0,55197.3,54593.8,55627.6,,,386390782.3548356,0.18855283018867927,BTC/USD,1615854331708.0,0.13576699999999997,57026.97282
301,55076.7,,,6920.19819034,55049.6,,,55084.5,2021-03-16T00:30:31.366Z,60580.0,55084.5,54593.8,55627.6,,,394304287.06550765,0.1945358490566038,BTC/USD,1615854631366.0,0.11810819999999987,56978.75642
302,54670.8,,,6999.87296626,54670.7,,,54687.3,2021-03-16T00:35:31.226Z,60580.0,54687.3,54567.3,55627.6,,,398594282.97836685,0.18695370370370365,BTC/USD,1615854931226.0,0.11682040000000006,56943.07381
303,54830.3,,,7018.98650523,54810.3,,,54853.2,2021-03-16T00:40:31.724Z,60580.0,54853.2,54567.3,55627.6,,,399595012.90351975,0.21472037037037037,BTC/USD,1615855231724.0,0.11294619999999989,56930.58572
304,54800.1,,,7034.80779566,54800.0,,,54800.0,2021-03-16T00:45:31.708Z,60580.0,54800.0,54567.3,55627.6,,,400433525.47914356,0.2063245283018868,BTC/USD,1615855531708.0,0.07023100000000003,56921.74358
305,54166.2,,,7140.82708853,54158.7,,,54150.1,2021-03-16T00:50:32.142Z,60580.0,54150.1,54150.1,55627.6,,,406171396.11113787,0.25554038461538464,BTC/USD,1615855832142.0,0.06606540000000001,56880.16123
306,54188.6,,,7270.21915658,54188.5,,,54188.6,2021-03-16T00:55:32.521Z,60580.0,54188.6,54000.0,55627.6,,,413145588.9558421,0.3205705882352941,BTC/USD,1615856132521.0,0.08772179999999996,56827.11622
307,53807.2,,,7317.45102462,53800.0,,,53800.0,2021-03-16T01:00:33.000Z,60580.0,53800.0,53800.0,55627.6,,,415465061.7160941,0.3185745098039216,BTC/USD,1615856433000.0,0.07486320000000002,56777.29312
308,53377.4,,,7516.63143847,53377.3,,,53376.2,2021-03-16T01:05:32.998Z,60580.0,53376.2,53265.0,55627.6,,,425983932.56909734,0.34101200000000004,BTC/USD,1615856732998.0,0.07454000000000002,56672.18568
309,53725.6,,,7596.20753062,53696.4,,,53690.5,2021-03-16T01:10:33.217Z,60580.0,53690.5,53265.0,55627.6,,,430132392.05691886,0.3193980392156862,BTC/USD,1615857033217.0,0.06630300000000001,56624.62358
310,53512.2,,,7658.63511248,53512.1,,,53512.2,2021-03-16T01:15:33.720Z,60580.0,53512.2,53250.0,55627.6,,,433438663.14239824,0.3339296296296297,BTC/USD,1615857333720.0,0.1582003999999996,56594.76614
311,53850.9,,,7726.22244351,53850.8,,,53850.9,2021-03-16T01:20:34.325Z,60580.0,53850.9,53250.0,55627.6,,,436920308.2275645,0.3209142857142858,BTC/USD,1615857634325.0,0.09189919999999989,56550.31439
312,53877.9,,,7735.26318955,53863.8,,,53875.3,2021-03-16T01:25:34.271Z,60580.0,53875.3,53250.0,55627.6,,,437348336.92063236,0.0,BTC/USD,1615857934271.0,0.1385389999999997,56539.55479
313,54122.0,,,7807.85293249,54107.8,,,54149.7,2021-03-16T01:30:34.524Z,60580.0,54149.7,53250.0,55627.6,,,441135805.3788515,0.0,BTC/USD,1615858234524.0,0.11016219999999993,56498.99008
314,54076.1,,,7822.66764802,54073.5,,,54073.6,2021-03-16T01:35:34.658Z,60580.0,54073.6,53250.0,55627.6,,,441892413.6608117,0.0,BTC/USD,1615858534658.0,0.1197573999999999,56488.71121
315,54375.0,,,7855.84668021,54374.9,,,54375.0,2021-03-16T01:40:34.447Z,60580.0,54375.0,53250.0,55627.6,,,443658971.431311,0.0,BTC/USD,1615858834447.0,0.12039599999999984,56475.00384
316,54313.3,,,7815.28108539,54309.5,,,54304.4,2021-03-16T01:45:34.885Z,60580.0,54304.4,53250.0,55627.6,,,441087192.6529729,0.0,BTC/USD,1615859134885.0,0.1057039999999999,56439.06954
317,54460.5,,,7817.87592336,54460.4,,,54460.5,2021-03-16T01:50:35.602Z,60580.0,54460.5,53250.0,55627.6,,,441098617.9349929,0.0,BTC/USD,1615859435602.0,0.1720897999999999,56421.79823
318,54507.7,,,7855.59202,54507.6,,,54507.6,2021-03-16T01:55:35.351Z,60580.0,54507.6,53250.0,55627.6,,,443110799.0320894,0.0,BTC/USD,1615859735351.0,0.12163719999999995,56407.05346
319,54533.6,,,7836.66694683,54533.5,,,54533.6,2021-03-16T02:00:35.981Z,60580.0,54533.6,53250.0,55627.6,,,441731491.9910745,0.0,BTC/USD,1615860035981.0,0.13752139999999985,56367.26621
320,54513.5,,,7866.36532238,54508.0,,,54507.2,2021-03-16T02:05:35.334Z,60580.0,54507.2,53250.0,55627.6,,,443287140.12214494,0.0,BTC/USD,1615860335334.0,0.09908359999999995,56352.21884
321,54376.8,,,7901.48828779,54368.8,,,54365.2,2021-03-16T02:10:35.037Z,60580.0,54365.2,53250.0,55627.6,,,445157163.82055324,0.0,BTC/USD,1615860635037.0,0.16630519999999974,56338.39444
322,54604.0,,,7909.57799674,54603.9,,,54604.0,2021-03-16T02:15:35.059Z,60580.0,54604.0,53250.0,55627.6,,,445575007.9410908,0.0,BTC/USD,1615860935059.0,0.17024739999999974,56333.60062
323,54410.0,,,7913.17979051,54409.9,,,54410.0,2021-03-16T02:20:35.170Z,60580.0,54410.0,53250.0,55627.6,,,445711126.1972128,0.0,BTC/USD,1615861235170.0,0.14030460000000006,56325.16106
324,54464.9,,,7914.83584771,54462.4,,,54462.4,2021-03-16T02:25:35.378Z,60580.0,54462.4,53250.0,55627.6,,,445754843.24150634,0.0,BTC/USD,1615861535378.0,0.13151419999999997,56318.89932
325,54333.1,,,7916.1483314,54333.0,,,54333.1,2021-03-16T02:30:35.367Z,60580.0,54333.1,53250.0,55627.6,,,445784723.7409424,0.0,BTC/USD,1615861835367.0,0.14787039999999987,56313.33637
326,54400.0,,,7936.55067286,54399.9,,,54400.0,2021-03-16T02:35:35.532Z,60580.0,54400.0,53250.0,55627.6,,,446885891.44877875,0.0,BTC/USD,1615862135532.0,0.1631981999999999,56307.31912
327,54469.3,,,7930.97444513,54460.3,,,54473.1,2021-03-16T02:40:35.293Z,60580.0,54473.1,53250.0,55627.6,,,446505726.6189501,0.0,BTC/USD,1615862435293.0,0.14458699999999994,56298.97432
328,54618.1,,,7923.85066378,54618.0,,,54612.3,2021-03-16T02:45:35.401Z,60580.0,54612.3,53250.0,55627.6,,,446051600.43406296,0.0,BTC/USD,1615862735401.0,0.1621596,56292.2775
329,54515.4,,,7927.66758992,54507.0,,,54501.9,2021-03-16T02:50:35.414Z,60580.0,54501.9,53250.0,55627.6,,,446250648.5197977,0.0,BTC/USD,1615863035414.0,0.18601819999999966,56290.28254
330,54402.3,,,7948.24598107,54393.9,,,54392.1,2021-03-16T02:55:35.832Z,60580.0,54392.1,53250.0,55627.6,,,447361088.1021894,0.0,BTC/USD,1615863335832.0,0.16427159999999993,56284.25305
331,54555.0,,,7946.02399602,54554.9,,,54554.9,2021-03-16T03:00:36.031Z,60580.0,54554.9,53250.0,55627.6,,,447209853.35520566,0.0,BTC/USD,1615863636031.0,0.13324319999999995,56280.95933
332,54557.3,,,7956.24002634,54551.0,,,54557.0,2021-03-16T03:05:36.375Z,60580.0,54557.0,53250.0,55627.6,,,447739334.4836179,0.0,BTC/USD,1615863936375.0,0.14675439999999984,56275.2422
333,54329.2,,,7969.90641926,54329.1,,,54324.4,2021-03-16T03:10:36.461Z,60580.0,54324.4,53250.0,55627.6,,,448462910.27298576,0.0,BTC/USD,1615864236461.0,0.15666479999999985,56269.53275
334,53999.6,,,7981.3018784,53999.5,,,53950.0,2021-03-16T03:15:36.278Z,60580.0,53950.0,53250.0,55627.6,,,448995621.71504146,0.0,BTC/USD,1615864536278.0,0.074934,56255.93776
335,54003.5,,,7999.3342331,54003.4,,,54003.5,2021-03-16T03:20:36.564Z,60580.0,54003.5,53250.0,55627.6,,,449964018.96966684,0.0,BTC/USD,1615864836564.0,0.05511360000000006,56250.18356
336,53941.7,,,8006.4471598,53941.6,,,53941.7,2021-03-16T03:25:36.664Z,60580.0,53941.7,53250.0,55627.6,,,450304363.48155695,0.0,BTC/USD,1615865136664.0,0.14158919999999986,56242.71971
337,54055.6,,,8027.88734211,54054.0,,,54056.3,2021-03-16T03:30:36.703Z,60580.0,54056.3,53250.0,55627.6,,,451438532.30461276,0.0,BTC/USD,1615865436703.0,0.09034379999999999,56233.79017
338,54356.9,,,8042.14530097,54349.6,,,54366.0,2021-03-16T03:35:36.464Z,60580.0,54366.0,53250.0,55627.6,,,452187168.8752497,0.0,BTC/USD,1615865736464.0,0.11119919999999996,56227.18217
339,54270.5,,,8050.47514677,54263.1,,,54228.0,2021-03-16T03:40:36.518Z,60580.0,54228.0,53250.0,55627.6,,,452615602.034252,0.0,BTC/USD,1615866036518.0,0.13739239999999986,56222.22214
340,54108.9,,,8048.29059054,54108.8,,,54100.3,2021-03-16T03:45:37.191Z,60580.0,54100.3,53250.0,55627.6,,,452437062.87140465,0.0,BTC/USD,1615866337191.0,0.1555756,56215.29911
341,54153.2,,,8041.50274912,54153.1,,,54153.2,2021-03-16T03:50:37.109Z,60580.0,54153.2,53250.0,55627.6,,,451991094.1035709,0.0,BTC/USD,1615866637109.0,0.1219988,56207.29212
342,54253.4,,,8031.77059216,54238.2,,,54228.5,2021-03-16T03:55:37.141Z,60580.0,54228.5,53250.0,55627.6,,,451378800.91158295,0.0,BTC/USD,1615866937141.0,0.19708379999999961,56199.16502
343,54250.1,,,8032.29515701,54250.0,,,54250.1,2021-03-16T04:00:37.601Z,60580.0,54250.1,53250.0,55627.6,,,451327527.29459244,0.0,BTC/USD,1615867237601.0,0.1825621999999997,56189.11139
344,54338.0,,,8030.72316058,54337.9,,,54314.2,2021-03-16T04:05:37.997Z,60527.9,54314.2,53250.0,55627.6,,,451196898.064286,0.0,BTC/USD,1615867537997.0,0.13313099999999983,56183.8441
345,54339.4,,,8026.45773875,54339.3,,,54339.1,2021-03-16T04:10:38.326Z,60508.9,54339.1,53250.0,55627.6,,,450888621.48703575,0.0,BTC/USD,1615867838326.0,0.15256779999999975,56175.29378
346,54424.1,,,8030.98732812,54424.0,,,54433.6,2021-03-16T04:15:38.208Z,60451.4,54433.6,53250.0,55627.6,,,451129708.2148954,0.0,BTC/USD,1615868138208.0,0.2706117999999998,56173.62969
347,54543.8,,,8051.10618836,54543.7,,,54537.3,2021-03-16T04:20:38.553Z,60421.1,54537.3,53250.0,55627.6,,,452216380.76076317,0.0,BTC/USD,1615868438553.0,0.2185665999999997,56168.22958
348,54655.9,,,8077.05870948,54655.8,,,54655.9,2021-03-16T04:25:38.359Z,60356.0,54655.9,53250.0,55627.6,,,453614493.7706409,0.0,BTC/USD,1615868738359.0,0.23331619999999956,56160.85138
349,54798.1,,,8078.00280933,54798.0,,,54800.0,2021-03-16T04:30:38.711Z,60333.3,54800.0,53250.0,55627.6,,,453618049.81414175,0.0,BTC/USD,1615869038711.0,0.21272159999999973,56154.72791
350,54572.2,,,8066.75959331,54569.1,,,54566.2,2021-03-16T04:35:39.013Z,60333.3,54566.2,53250.0,55627.6,,,452865973.1177489,0.0,BTC/USD,1615869339013.0,0.18370079999999966,56139.76317
351,54524.3,,,8041.49378605,54524.2,,,54524.3,2021-03-16T04:40:39.044Z,60127.7,54524.3,53250.0,55627.6,,,451306684.5875056,0.0,BTC/USD,1615869639044.0,0.1221986,56122.24502
352,54592.7,,,8030.66184296,54592.6,,,54589.3,2021-03-16T04:45:39.337Z,60018.1,54589.3,53250.0,55627.6,,,450642644.2837594,0.0,BTC/USD,1615869939337.0,0.18638759999999976,56115.25589
353,54613.7,,,8010.60219383,54613.6,,,54613.7,2021-03-16T04:50:39.983Z,59947.6,54613.7,53250.0,55627.6,,,449420930.72080195,0.0,BTC/USD,1615870239983.0,0.16879459999999974,56103.26413
354,54435.1,,,8004.77161713,54435.0,,,54432.9,2021-03-16T04:55:40.133Z,59897.4,54432.9,53250.0,55627.6,,,449029142.2641773,0.0,BTC/USD,1615870540133.0,0.14642159999999965,56095.18469
355,54423.1,,,8009.95203714,54416.7,,,54423.7,2021-03-16T05:00:40.232Z,59897.4,54423.7,53250.0,55627.6,,,449268865.032738,0.0,BTC/USD,1615870840232.0,0.14485539999999972,56088.83336
356,54084.5,,,8014.18871582,54075.0,,,54089.4,2021-03-16T05:05:40.542Z,59897.4,54089.4,53250.0,55627.6,,,449404857.6928048,0.0,BTC/USD,1615871140542.0,0.1846785999999996,56076.15114
357,54139.4,,,8016.13495138,54135.1,,,54139.5,2021-03-16T05:10:40.366Z,59897.4,54139.5,53250.0,55627.6,,,449485885.8737236,0.0,BTC/USD,1615871440366.0,0.17016719999999974,56072.64456
358,54373.9,,,8020.89657012,54373.8,,,54372.9,2021-03-16T05:15:40.546Z,59897.4,54372.9,53250.0,55627.6,,,449722376.7935636,0.0,BTC/USD,1615871740546.0,0.18808379999999966,56068.84129
359,54145.7,,,8026.12624038,54145.6,,,54145.7,2021-03-16T05:20:40.561Z,59897.4,54145.7,53250.0,55627.6,,,449962121.791195,0.0,BTC/USD,1615872040561.0,0.1815627999999996,56062.17848
360,54299.4,,,8027.44120908,54299.3,,,54314.9,2021-03-16T05:26:10.965Z,59767.2,54314.9,53250.0,55627.6,,,450011847.69910157,0.0,BTC/USD,1615872370965.0,0.16204559999999985,56059.18947
361,53921.4,,,8028.55664871,53921.1,,,53921.3,2021-03-16T05:31:10.885Z,59754.0,53921.3,53250.0,55627.6,,,450001647.72626704,0.0,BTC/USD,1615872670885.0,0.18899679999999955,56050.13048
362,53708.2,,,8045.6674551,53708.1,,,53708.2,2021-03-16T05:36:11.428Z,59712.6,53708.2,53250.0,55627.6,,,450898426.0074643,0.0,BTC/USD,1615872971428.0,0.15191359999999984,56042.38909
363,53708.7,,,8044.00094031,53708.6,,,53702.6,2021-03-16T05:41:11.991Z,59490.4,53702.6,53250.0,55627.6,,,450740723.8173817,0.0,BTC/USD,1615873271991.0,0.17409799999999964,56034.39472
364,53738.9,,,7998.24133246,53738.8,,,53728.7,2021-03-16T05:46:12.218Z,59490.4,53728.7,53250.0,55627.6,,,447841145.5718133,0.0,BTC/USD,1615873572218.0,0.1564179999999998,55992.45221
365,53938.9,,,7989.15586511,53938.8,,,53924.2,2021-03-16T05:51:12.221Z,59386.5,53924.2,53250.0,55627.6,,,447241568.58402395,0.33660000000000007,BTC/USD,1615873872221.0,0.15775079999999972,55981.07937
366,53972.4,,,7986.26095144,53972.3,,,53971.7,2021-03-16T05:56:12.365Z,59337.6,53971.7,53250.0,55627.6,,,447022283.1184225,0.33660000000000007,BTC/USD,1615874172365.0,0.15819299999999967,55973.91393
367,54198.5,,,7978.74452963,54198.4,,,54200.0,2021-03-16T06:01:12.941Z,59337.6,54200.0,53250.0,55627.6,,,446475266.81636906,0.34523404255319157,BTC/USD,1615874472941.0,0.1362735999999998,55958.08528
368,54205.9,,,7975.84011549,54205.8,,,54205.9,2021-03-16T06:06:13.011Z,59337.6,54205.9,53250.0,55627.6,,,446259006.7714836,0.34523404255319157,BTC/USD,1615874773011.0,0.1750643999999998,55951.34811
369,54234.4,,,7971.20797185,54234.3,,,54234.3,2021-03-16T06:11:13.486Z,59300.1,54234.3,53250.0,55627.6,,,445916120.45686805,0.34523404255319157,BTC/USD,1615875073486.0,0.16984039999999986,55940.84636
370,53929.5,,,7979.33520233,53929.4,,,53929.4,2021-03-16T06:16:13.808Z,59205.1,53929.4,53250.0,55627.6,,,446332117.41656977,0.34444347826086963,BTC/USD,1615875373808.0,0.12833420000000004,55936.00295
371,53718.0,,,7986.1191089,53717.9,,,53720.5,2021-03-16T06:21:13.774Z,59205.1,53720.5,53250.0,55627.6,,,446674683.12947345,0.34444347826086963,BTC/USD,1615875673774.0,0.19923279999999977,55931.38257
372,53840.7,,,7956.9161916,53835.7,,,53839.1,2021-03-16T06:26:14.152Z,59205.1,53839.1,53250.0,55627.6,,,444892185.1203988,0.35209777777777784,BTC/USD,1615875974152.0,0.1544239999999997,55912.63932
373,54130.9,,,7959.37770143,54130.8,,,54130.9,2021-03-16T06:31:14.254Z,59036.1,54130.9,53250.0,55627.6,,,444986363.51330256,0.3392568181818183,BTC/USD,1615876274254.0,0.1635823999999998,55907.18021
374,54638.2,,,7915.90552165,54623.0,,,54648.7,2021-03-16T06:36:14.711Z,58861.9,54648.7,53250.0,55627.6,,,442313846.8123417,0.3387465116279071,BTC/USD,1615876574711.0,0.12286399999999986,55876.59499
375,54562.4,,,7907.30103483,54560.9,,,54551.6,2021-03-16T06:41:15.266Z,58800.9,54551.6,53250.0,55627.6,,,441730240.17516214,0.3218818181818182,BTC/USD,1615876875266.0,0.12726919999999997,55863.59217
376,54886.0,,,7837.54333078,54828.4,,,54886.0,2021-03-16T06:46:14.881Z,58800.9,54886.0,53250.0,55627.6,,,437567899.8055921,0.3560688888888889,BTC/USD,1615877174881.0,0.1409657999999999,55829.7264
377,55243.6,,,7868.22639123,55243.3,,,55250.9,2021-03-16T06:51:14.606Z,58800.9,55250.9,53250.0,55627.6,,,439212928.51897013,0.35519333333333325,BTC/USD,1615877474606.0,0.10254220000000001,55821.08428
378,55018.4,,,7976.92641085,55018.3,,,55018.4,2021-03-16T06:56:14.795Z,58800.9,55018.4,53250.0,55627.6,,,445151628.6061709,0.35519333333333325,BTC/USD,1615877774795.0,0.22247039999999982,55804.90601
379,55098.8,,,7957.79277996,55094.7,,,55076.4,2021-03-16T07:01:14.565Z,58702.5,55076.4,53250.0,55627.6,,,443966495.6758105,0.40517111111111104,BTC/USD,1615878074565.0,0.1671573999999997,55790.15538
380,55312.0,,,7925.52054958,55311.9,,,55311.6,2021-03-16T07:06:15.162Z,58368.8,55311.6,53250.0,55627.6,,,441977995.3427664,0.40746304347826073,BTC/USD,1615878375162.0,0.14774099999999973,55766.43106
381,55231.8,,,7871.58864696,55231.7,,,55231.7,2021-03-16T07:11:15.507Z,58368.8,55231.7,53250.0,55627.6,,,438808963.8170299,0.43054347826086947,BTC/USD,1615878675507.0,0.17776739999999955,55745.92163
382,55378.9,,,7847.62582758,55378.8,,,55374.7,2021-03-16T07:16:16.113Z,58368.8,55374.7,53250.0,55627.6,,,437382919.7073262,0.4020399999999999,BTC/USD,1615878976113.0,0.15642579999999967,55734.42584
383,55320.1,,,7619.63815686,55320.0,,,55321.0,2021-03-16T07:21:16.132Z,58368.8,55321.0,53250.0,55627.6,,,424152253.10125464,0.3613488372093023,BTC/USD,1615879276132.0,0.11800979999999989,55665.66868
384,55294.5,,,7529.520746,55294.4,,,55305.3,2021-03-16T07:26:15.828Z,58368.8,55305.3,53250.0,55627.6,,,418959508.1060577,0.3613488372093023,BTC/USD,1615879575828.0,0.15601359999999986,55642.2543
385,54985.2,,,7512.02696394,54965.0,,,54962.8,2021-03-16T07:31:15.999Z,58368.8,54962.8,53250.0,55627.6,,,417874408.3160838,0.3613488372093023,BTC/USD,1615879875999.0,0.14176959999999986,55627.38397
386,54880.3,,,7477.52304325,54880.2,,,54865.2,2021-03-16T07:36:16.233Z,58368.8,54865.2,53250.0,55627.6,,,415837663.31465775,0.3456136363636364,BTC/USD,1615880176233.0,0.15815079999999973,55611.68597
387,55325.2,,,7478.86515721,55325.1,,,55325.1,2021-03-16T07:41:16.180Z,58368.8,55325.1,53250.0,55627.6,,,415863413.8108073,0.3093340909090909,BTC/USD,1615880476180.0,0.19890839999999976,55605.14932
388,55035.3,,,7495.15046146,55035.2,,,55041.1,2021-03-16T07:46:16.283Z,58368.8,55041.1,53250.0,55627.6,,,416731929.22051376,0.31652790697674416,BTC/USD,1615880776283.0,0.1285752,55600.20861
389,55260.2,,,7492.57681423,55260.1,,,55260.2,2021-03-16T07:51:16.805Z,58368.8,55260.2,53250.0,55627.6,,,416555831.1946921,0.33285111111111104,BTC/USD,1615881076805.0,0.17130679999999984,55595.80389
390,55362.3,,,7486.76676033,55362.2,,,55358.3,2021-03-16T07:56:17.133Z,58368.8,55358.3,53250.0,55627.6,,,416200166.4132972,0.35599333333333333,BTC/USD,1615881377133.0,0.14319079999999973,55591.44284
391,55204.2,,,7496.37317756,55186.4,,,55204.2,2021-03-16T08:01:17.396Z,58368.8,55204.2,53250.0,55627.6,,,416703444.51294434,0.3671136363636363,BTC/USD,1615881677396.0,0.13441019999999992,55587.33999
392,55576.0,,,7498.35937524,55575.9,,,55576.0,2021-03-16T08:06:17.627Z,58368.8,55576.0,53250.0,55627.6,,,416784464.23863924,0.3671136363636363,BTC/USD,1615881977627.0,0.14773559999999997,55583.42077
393,55617.2,,,7493.24555972,55617.1,,,55617.2,2021-03-16T08:11:17.430Z,58368.8,55617.2,53250.0,55627.6,,,416439995.41631377,0.3917688888888889,BTC/USD,1615882277430.0,0.18386959999999963,55575.38347
394,55853.4,,,7491.68506878,55853.3,,,55853.4,2021-03-16T08:16:17.992Z,58368.8,55853.4,53250.0,55627.6,,,416310232.5262893,0.38469090909090914,BTC/USD,1615882577992.0,0.15621239999999986,55569.6387
395,56026.9,,,7514.58122186,56007.6,,,56040.2,2021-03-16T08:21:18.150Z,58368.8,56040.2,53250.0,55627.6,,,417576486.43873066,0.38469090909090914,BTC/USD,1615882878150.0,0.18125519999999978,55568.83
396,55912.0,,,7501.44215862,55911.9,,,55912.0,2021-03-16T08:26:18.031Z,58325.1,55912.0,53250.0,55627.6,,,416792129.1654819,0.38494883720930234,BTC/USD,1615883178031.0,0.2168237999999999,55561.60007
397,55950.2,,,7499.54679356,55950.1,,,55951.4,2021-03-16T08:31:17.857Z,58198.0,55951.4,53250.0,55627.6,,,416668485.50798535,0.38494883720930234,BTC/USD,1615883477857.0,0.12256099999999993,55559.15537
398,55831.2,,,7498.37576043,55831.1,,,55830.8,2021-03-16T08:36:17.816Z,58198.0,55830.8,53250.0,55627.6,,,416585408.44873774,0.3672837209302326,BTC/USD,1615883777816.0,0.18828119999999993,55556.75279
399,55940.4,,,7503.00924942,55940.3,,,55940.4,2021-03-16T08:41:18.326Z,58198.0,55940.4,53250.0,55627.6,,,416834252.3108161,0.3689809523809524,BTC/USD,1615884078326.0,0.19100659999999997,55555.60955
400,55916.3,,,7495.26583906,55907.4,,,55903.1,2021-03-16T08:46:18.657Z,58087.6,55903.1,53250.0,55627.6,,,416369795.0472389,0.3689809523809524,BTC/USD,1615884378657.0,0.14323139999999993,55551.03768
401,55922.0,,,7510.49799878,55921.9,,,55922.4,2021-03-16T08:51:19.265Z,58087.6,55922.4,53250.0,55627.6,,,417193485.84067506,0.3689809523809524,BTC/USD,1615884679265.0,0.13909799999999978,55548.04567
402,55955.1,,,7510.66120056,55955.0,,,55955.0,2021-03-16T08:56:19.026Z,58087.6,55955.0,53250.0,55627.6,,,417177547.4130813,0.40288333333333337,BTC/USD,1615884979026.0,0.13695859999999993,55544.71654
403,55927.6,,,7499.76853257,55927.5,,,55927.6,2021-03-16T09:01:19.355Z,58087.6,55927.6,53250.0,55627.6,,,416526734.84520763,0.4104465116279071,BTC/USD,1615885279355.0,0.12669959999999986,55538.61203
404,55922.2,,,7584.19320776,55922.1,,,55927.9,2021-03-16T09:06:19.723Z,58024.2,55927.9,53250.0,55627.6,,,421235346.73590696,0.4104465116279071,BTC/USD,1615885579723.0,0.1377832,55541.22043
405,55824.9,,,7576.70715087,55824.8,,,55818.7,2021-03-16T09:11:19.473Z,57703.6,55818.7,53250.0,55627.6,,,420776983.5576876,0.41917441860465127,BTC/USD,1615885879473.0,0.08135680000000003,55535.60078
406,55844.1,,,7556.15458406,55842.1,,,55842.5,2021-03-16T09:16:19.378Z,57703.6,55842.5,53250.0,55627.6,,,419590498.9536433,0.41917441860465127,BTC/USD,1615886179378.0,0.1355989999999999,55529.63406
407,55900.1,,,7532.60746508,55900.0,,,55900.1,2021-03-16T09:21:19.907Z,57284.9,55900.1,53250.0,55627.6,,,418206042.2172741,0.42080714285714294,BTC/USD,1615886479907.0,0.15692199999999992,55519.42593
408,55972.3,,,7195.34787436,55972.2,,,55981.5,2021-03-16T09:26:19.663Z,57284.9,55981.5,53250.0,55627.6,,,399207454.4841212,0.42080714285714294,BTC/USD,1615886779663.0,0.1347907999999999,55481.32786
409,55971.8,,,7125.86433376,55971.7,,,55971.8,2021-03-16T09:31:20.108Z,57284.9,55971.8,53250.0,55627.6,,,395312530.28559417,0.4333139534883721,BTC/USD,1615887080108.0,0.19186739999999997,55475.73063
410,56362.6,,,7056.37281401,56352.0,,,56352.0,2021-03-16T09:36:19.917Z,57284.9,56352.0,53250.0,55627.6,,,391424887.88892114,0.4452840909090909,BTC/USD,1615887379917.0,0.15626839999999992,55471.11784
411,56200.1,,,7030.28546424,56200.0,,,56200.1,2021-03-16T09:41:20.544Z,57284.9,56200.1,53250.0,55627.6,,,389971533.8804273,0.4348139534883721,BTC/USD,1615887680544.0,0.14913099999999987,55470.22747
412,55983.0,,,6793.74189583,55974.2,,,55971.5,2021-03-16T09:46:20.955Z,57284.9,55971.5,53250.0,55627.6,,,376958084.38758874,0.4350651162790698,BTC/USD,1615887980955.0,0.1057372,55486.07677
413,55930.2,,,6792.49786469,55930.1,,,55949.5,2021-03-16T09:51:21.547Z,57284.9,55949.5,53250.0,55627.6,,,376914010.9004061,0.4350651162790698,BTC/USD,1615888281547.0,0.08456939999999998,55489.75037
414,55849.8,,,6738.33965919,55849.7,,,55849.8,2021-03-16T09:56:21.912Z,57284.9,55849.8,53250.0,55627.6,,,373909884.6199224,0.4350651162790698,BTC/USD,1615888581912.0,0.1953793999999999,55489.91347
415,55958.8,,,6719.21044972,55958.7,,,55958.9,2021-03-16T10:01:21.618Z,57284.9,55958.9,53250.0,55627.6,,,372848936.99053967,0.4350651162790698,BTC/USD,1615888881618.0,0.12497259999999999,55489.99243
416,56000.0,,,6695.70424006,55999.9,,,56000.0,2021-03-16T10:06:21.867Z,57284.9,56000.0,53250.0,55627.6,,,371543001.89436954,0.4493261904761906,BTC/USD,1615889181867.0,0.22888319999999948,55489.7571
417,56000.1,,,6633.30026567,56000.0,,,56000.1,2021-03-16T10:11:22.083Z,57284.9,56000.1,53250.0,55627.6,,,368044208.39258444,0.4493261904761906,BTC/USD,1615889482083.0,0.18943239999999964,55484.32811
418,55918.1,,,6595.70961021,55913.7,,,55906.0,2021-03-16T10:16:22.521Z,57284.9,55906.0,53250.0,55627.6,,,365919301.0098989,0.4493261904761906,BTC/USD,1615889782521.0,0.11755599999999988,55478.38256
419,55599.2,,,6587.52169972,55599.1,,,55599.1,2021-03-16T10:21:22.887Z,57284.9,55599.1,53250.0,55627.6,,,365449578.44815665,0.4493261904761906,BTC/USD,1615890082887.0,0.18667819999999985,55476.0341
420,55588.8,,,6604.73124527,55588.7,,,55588.8,2021-03-16T10:26:23.017Z,57284.9,55588.8,53250.0,55627.6,,,366382738.13929135,0.4388767441860466,BTC/USD,1615890383017.0,0.21542679999999986,55472.77013
421,55795.0,,,6601.70861506,55794.0,,,55799.0,2021-03-16T10:31:23.607Z,57284.9,55799.0,53250.0,55627.6,,,366209781.2530936,0.4665219512195121,BTC/USD,1615890683607.0,0.12955679999999992,55471.96985
422,55607.6,,,6592.07655097,55607.5,,,55607.6,2021-03-16T10:36:23.363Z,57284.9,55607.6,53250.0,55627.6,,,365664351.24668294,0.4665219512195121,BTC/USD,1615890983363.0,0.11055019999999989,55470.28291
423,55753.9,,,6573.9846015,55746.2,,,55746.2,2021-03-16T10:41:23.591Z,57284.9,55746.2,53250.0,55627.6,,,364649594.5342421,0.46673095238095225,BTC/USD,1615891283591.0,0.11981739999999988,55468.58057
424,55869.2,,,6577.17885844,55861.9,,,55868.4,2021-03-16T10:46:23.658Z,57284.9,55868.4,53250.0,55627.6,,,364822056.70147955,0.4768395348837208,BTC/USD,1615891583658.0,0.1365023999999998,55467.86313
425,55880.4,,,6582.78382685,55867.1,,,55883.1,2021-03-16T10:51:23.586Z,57284.9,55883.1,53250.0,55627.6,,,365131565.3295411,0.4649390243902437,BTC/USD,1615891883586.0,0.12960299999999994,55467.65243
426,55977.0,,,6575.01013512,55976.9,,,55977.0,2021-03-16T10:56:23.773Z,57284.9,55977.0,53250.0,55627.6,,,364691724.382476,0.4649390243902437,BTC/USD,1615892183773.0,0.15689979999999984,55466.33646
427,55782.0,,,6549.81637831,55781.9,,,55783.6,2021-03-16T11:01:23.911Z,57284.9,55783.6,53250.0,55627.6,,,363269253.43276477,0.4649390243902437,BTC/USD,1615892483911.0,0.13208379999999995,55462.50955
428,55795.7,,,6525.72914927,55783.8,,,55776.9,2021-03-16T11:06:24.664Z,57284.9,55776.9,53250.0,55627.6,,,361899851.8450816,0.45944249999999986,BTC/USD,1615892784664.0,0.14178619999999995,55457.38163
429,55708.8,,,6507.48660413,55707.5,,,55681.8,2021-03-16T11:11:24.495Z,57284.9,55681.8,53250.0,55627.6,,,360869253.9173855,0.42544390243902425,BTC/USD,1615893084495.0,0.13655440000000005,55454.47511
430,55655.6,,,6490.93848038,55643.0,,,55635.6,2021-03-16T11:16:24.701Z,57284.9,55635.6,53250.0,55627.6,,,359939642.8143325,0.42544390243902425,BTC/USD,1615893384701.0,0.19353359999999975,55452.63507
431,55535.6,,,6477.07874394,55534.8,,,55553.2,2021-03-16T11:21:24.660Z,57284.9,55553.2,53250.0,55627.6,,,359161034.00720894,0.41775952380952364,BTC/USD,1615893684660.0,0.14979159999999994,55451.08346
432,55537.2,,,6483.47901313,55537.1,,,55537.2,2021-03-16T11:26:26.400Z,57284.9,55537.2,53250.0,55627.6,,,359512583.52057153,0.4478309523809522,BTC/USD,1615893986400.0,0.19460819999999968,55450.5664
433,55487.8,,,6494.20138648,55487.7,,,55487.7,2021-03-16T11:31:26.543Z,57284.9,55487.7,53250.0,55627.6,,,360105190.2465379,0.4478309523809522,BTC/USD,1615894286543.0,0.13931499999999986,55450.26537
434,55252.4,,,6483.29834871,55233.3,,,55231.1,2021-03-16T11:36:27.280Z,57284.9,55231.1,53250.0,55627.6,,,359470251.8446895,0.43563720930232547,BTC/USD,1615894587280.0,0.1456053999999997,55445.58225
435,55167.8,,,6573.96504903,55167.7,,,55167.8,2021-03-16T11:41:27.804Z,57284.9,55167.8,53250.0,55627.6,,,364443480.9015768,0.4183720930232557,BTC/USD,1615894887804.0,0.14023779999999983,55437.39253
436,55101.7,,,6580.89344954,55101.2,,,55080.5,2021-03-16T11:46:27.073Z,57284.9,55080.5,53250.0,55627.6,,,364811794.8126933,0.42622954545454533,BTC/USD,1615895187073.0,0.1617949999999998,55434.9949
437,55280.8,,,6594.49749013,55274.9,,,55261.2,2021-03-16T11:51:27.240Z,57284.9,55261.2,53250.0,55627.6,,,365556676.78433794,0.42622954545454533,BTC/USD,1615895487240.0,0.16444239999999977,55433.59101
438,55314.3,,,6581.13720039,55314.2,,,55314.3,2021-03-16T11:56:27.434Z,57284.9,55314.3,53250.0,55627.6,,,364799113.81889415,0.43614186046511616,BTC/USD,1615895787434.0,0.19248039999999975,55431.01484
439,55490.1,,,6568.88530855,55490.0,,,55490.0,2021-03-16T12:01:27.158Z,57284.9,55490.0,53250.0,55627.6,,,364105493.0518552,0.42622954545454533,BTC/USD,1615896087158.0,0.24002739999999984,55428.8096
440,55250.0,,,6538.22727556,55249.9,,,55250.0,2021-03-16T12:06:27.171Z,57284.9,55250.0,53250.0,55627.6,,,362374612.93175465,0.42622954545454533,BTC/USD,1615896387171.0,0.1501683999999997,55423.98538
441,55336.4,,,6523.28242243,55336.3,,,55336.4,2021-03-16T12:11:27.196Z,57284.9,55336.4,53250.0,55627.6,,,361523632.9193847,0.4374933333333332,BTC/USD,1615896687196.0,0.14822719999999984,55420.50911
442,55159.9,,,6756.94515865,55159.8,,,55157.9,2021-03-16T12:16:27.101Z,57284.9,55157.9,52500.0,55627.6,,,374201393.6110853,0.4374933333333332,BTC/USD,1615896987101.0,0.16374359999999957,55380.26206
443,55298.4,,,6709.81796744,55298.3,,,55298.4,2021-03-16T12:21:27.153Z,57284.9,55298.4,52500.0,55627.6,,,371590957.19953674,0.4188765957446807,BTC/USD,1615897287153.0,0.1584503999999998,55380.18453
444,55035.1,,,6700.70429342,55035.0,,,55049.9,2021-03-16T12:26:27.798Z,57284.9,55049.9,52500.0,55627.6,,,371079744.11877155,0.4102765957446808,BTC/USD,1615897587798.0,0.16714099999999982,55379.21506
445,55105.0,,,6717.32000759,55104.9,,,55125.9,2021-03-16T12:31:27.649Z,57284.9,55125.9,52500.0,55627.6,,,371980676.69956094,0.39322553191489357,BTC/USD,1615897887649.0,0.14342199999999994,55376.35192
446,55055.7,,,6666.32274206,55055.6,,,55055.6,2021-03-16T12:36:27.315Z,57284.9,55055.6,52500.0,55627.6,,,369121202.67123985,0.3737170212765956,BTC/USD,1615898187315.0,0.16469919999999974,55371.03692
447,54969.0,,,6662.86394108,54968.9,,,54968.9,2021-03-16T12:41:27.109Z,57284.9,54968.9,52500.0,55627.6,,,368914719.2827502,0.3742148936170212,BTC/USD,1615898487109.0,0.16346999999999978,55368.79074
448,54831.4,,,6671.55456297,54831.3,,,54831.4,2021-03-16T12:46:27.557Z,57284.9,54831.4,52500.0,55627.6,,,369374897.8475085,0.36016444444444434,BTC/USD,1615898787557.0,0.10569359999999998,55365.64145
449,54700.6,,,6677.41270966,54700.5,,,54700.6,2021-03-16T12:51:27.399Z,57284.9,54700.6,52500.0,55627.6,,,369666075.6616461,0.3767302325581395,BTC/USD,1615899087399.0,0.15567539999999977,55360.67512
450,54933.8,,,6666.71271091,54914.9,,,54938.9,2021-03-16T12:56:27.598Z,57284.9,54938.9,52500.0,55627.6,,,369052315.95925826,0.3673837209302325,BTC/USD,1615899387598.0,0.18466239999999992,55357.46506
451,55164.6,,,6648.45958258,55154.6,,,55150.5,2021-03-16T13:01:28.088Z,57284.9,55150.5,52500.0,55627.6,,,368012843.2006489,0.35834761904761897,BTC/USD,1615899688088.0,0.1453299999999999,55353.09926
452,55036.1,,,6647.3218078,55036.0,,,55036.1,2021-03-16T13:06:28.111Z,57284.9,55036.1,52500.0,55627.6,,,367942852.44469285,0.38097142857142846,BTC/USD,1615899988111.0,0.15895679999999995,55352.04449
453,55299.9,,,6610.28584546,55299.8,,,55299.5,2021-03-16T13:11:28.621Z,57284.9,55299.5,52500.0,55627.6,,,365838444.19957125,0.3700219512195121,BTC/USD,1615900288621.0,0.16314039999999977,55343.8161
454,55294.6,,,6599.79578831,55294.5,,,55300.0,2021-03-16T13:16:28.808Z,57284.9,55300.0,52500.0,55627.6,,,365235590.4936041,0.3547999999999999,BTC/USD,1615900588808.0,0.13137959999999987,55340.43813
455,55536.1,,,6604.71548896,55536.0,,,55536.1,2021-03-16T13:21:29.481Z,57284.9,55536.1,52500.0,55627.6,,,365486320.9450016,0.4179425,BTC/USD,1615900889481.0,0.1289727999999999,55337.17865
456,55583.1,,,6578.64111634,55576.8,,,55557.9,2021-03-16T13:26:29.952Z,57284.9,55557.9,52500.0,55627.6,,,363992674.64496773,0.38066216216216214,BTC/USD,1615901189952.0,0.15896679999999982,55329.46215
457,55757.2,,,6515.41322125,55748.7,,,55773.5,2021-03-16T13:31:29.670Z,57284.9,55773.5,52500.0,55627.6,,,360379596.11511457,0.39166410256410256,BTC/USD,1615901489670.0,0.15767859999999986,55311.85573
458,55697.5,,,6478.18760669,55697.4,,,55697.5,2021-03-16T13:36:29.765Z,57284.9,55697.5,52500.0,55627.6,,,358246798.5383681,0.39496923076923085,BTC/USD,1615901789765.0,0.156388,55300.46678
459,55497.4,,,6452.8340832,55479.2,,,55508.8,2021-03-16T13:41:30.246Z,57284.9,55508.8,52500.0,55627.6,,,356782409.3821421,0.41315263157894744,BTC/USD,1615902090246.0,0.20226999999999964,55290.80785
460,55222.2,,,6428.60380695,55215.2,,,55252.3,2021-03-16T13:46:30.569Z,57284.9,55252.3,52500.0,55627.6,,,355375241.1440978,0.4189384615384617,BTC/USD,1615902390569.0,0.15001659999999978,55280.31464
461,55168.0,,,6428.77371712,55159.8,,,55173.6,2021-03-16T13:51:30.853Z,57284.9,55173.6,52500.0,55627.6,,,355365982.03057045,0.4189384615384617,BTC/USD,1615902690853.0,0.19447019999999973,55277.41334
462,55224.4,,,6427.84658708,55224.3,,,55225.7,2021-03-16T13:56:30.971Z,57284.9,55225.7,52500.0,55627.6,,,355286896.37625635,0.35591081081081094,BTC/USD,1615902990971.0,0.15824279999999988,55273.08276
463,55465.7,,,6426.54766223,55464.1,,,55464.0,2021-03-16T14:01:31.146Z,57284.9,55464.0,52500.0,55627.6,,,355193426.4280813,0.35537222222222237,BTC/USD,1615903291146.0,0.1699277999999998,55269.71013
464,55474.5,,,6400.82863293,55474.4,,,55460.3,2021-03-16T14:06:31.248Z,57284.9,55460.3,52500.0,55627.6,,,353717387.78326595,0.32744857142857153,BTC/USD,1615903591248.0,0.16160639999999993,55261.18696
465,55280.1,,,6356.90223494,55273.7,,,55293.8,2021-03-16T14:11:31.578Z,57284.9,55293.8,52500.0,55627.6,,,351190796.17013144,0.32744857142857153,BTC/USD,1615903891578.0,0.07895559999999996,55245.58711
466,55433.0,,,6359.01959764,55432.9,,,55433.0,2021-03-16T14:16:31.290Z,57250.0,55433.0,52500.0,55627.6,,,351284835.78527415,0.34126388888888903,BTC/USD,1615904191290.0,0.13381579999999987,55241.98037
467,55289.4,,,6371.80359219,55280.4,,,55268.5,2021-03-16T14:21:31.105Z,57245.9,55268.5,52500.0,55627.6,,,351968294.74088347,0.31372777777777794,BTC/USD,1615904491105.0,0.18344699999999975,55238.40929
468,55473.0,,,6340.79885802,55461.9,,,55458.1,2021-03-16T14:26:30.773Z,57245.9,55458.1,52500.0,55627.6,,,350196753.5168233,0.3273756756756758,BTC/USD,1615904790773.0,0.1390667999999997,55229.12197
469,55370.7,,,6332.51077977,55370.6,,,55370.7,2021-03-16T14:31:31.027Z,57245.9,55370.7,52500.0,55627.6,,,349715779.669762,0.3370500000000001,BTC/USD,1615905091027.0,0.1045998,55225.45351
470,55443.7,,,6344.6392257,55443.6,,,55443.7,2021-03-16T14:36:31.314Z,57091.1,55443.7,52500.0,55627.6,,,350356918.7192002,0.3370500000000001,BTC/USD,1615905391314.0,0.1874581999999998,55220.93633
471,55549.1,,,6289.38201049,55540.9,,,55541.4,2021-03-16T14:41:31.565Z,57066.6,55541.4,52500.0,55627.6,,,347190177.9879068,0.3461594594594596,BTC/USD,1615905691565.0,0.17610899999999988,55202.59024
472,55630.5,,,6274.84238321,55630.4,,,55630.5,2021-03-16T14:46:31.683Z,57066.6,55630.5,52500.0,55627.6,,,346356073.2716586,0.34300789473684223,BTC/USD,1615905991683.0,0.14420479999999988,55197.57344
473,55487.6,,,6265.39949566,55479.2,,,55452.7,2021-03-16T14:51:31.715Z,56943.1,55452.7,52500.0,55627.6,,,345803669.0946956,0.32483243243243254,BTC/USD,1615906291715.0,0.18532839999999992,55192.59695
474,55551.2,,,6253.75073443,55547.7,,,55547.0,2021-03-16T14:56:31.585Z,56943.1,55547.0,52500.0,55627.6,,,345129879.1373993,0.3338657894736843,BTC/USD,1615906591585.0,0.1445563999999999,55187.66158
475,55700.0,,,6202.41789784,55699.9,,,55687.1,2021-03-16T15:01:32.112Z,56943.1,55687.1,52500.0,55627.6,,,342226884.9160806,0.3338657894736843,BTC/USD,1615906892112.0,0.09714579999999999,55176.36679
476,55820.7,,,6284.69000537,55814.5,,,55822.9,2021-03-16T15:06:31.889Z,56943.1,55822.9,52500.0,55627.6,,,346811316.290901,0.33881025641025647,BTC/USD,1615907191889.0,0.1540174,55183.51995
477,55551.8,,,6286.03609558,55539.9,,,55539.5,2021-03-16T15:11:32.200Z,56943.1,55539.5,52500.0,55627.6,,,346870422.72709817,0.3642525,BTC/USD,1615907492200.0,0.13923979999999994,55181.10578
478,55633.8,,,6295.93441776,55627.3,,,55634.5,2021-03-16T15:16:32.406Z,56943.1,55634.5,52500.0,55627.6,,,347409547.0896651,0.37069736842105266,BTC/USD,1615907792406.0,0.18186620000000048,55179.98188
479,55603.2,,,6293.78356779,55601.6,,,55596.8,2021-03-16T15:21:32.325Z,56943.1,55596.8,52500.0,55627.6,,,347278845.6251983,0.0,BTC/USD,1615908092325.0,0.18392999999999982,55178.07244
480,55599.7,,,6290.78541262,55599.2,,,55599.4,2021-03-16T15:26:32.381Z,56943.1,55599.4,52500.0,55627.6,,,347102064.37352586,0.0,BTC/USD,1615908392381.0,0.13273440000000009,55176.2684
481,55517.6,,,6284.55348936,55517.5,,,55514.0,2021-03-16T15:31:32.530Z,56943.1,55514.0,52500.0,55627.6,,,346744010.09162915,0.0,BTC/USD,1615908692530.0,0.1374939999999999,55174.00889
482,55557.9,,,6271.93133424,55557.5,,,55557.5,2021-03-16T15:36:32.919Z,56943.1,55557.5,52500.0,55627.6,,,346030581.76373214,0.0,BTC/USD,1615908992919.0,0.24903639999999921,55171.29626
483,55464.2,,,6229.37077591,55463.5,,,55476.9,2021-03-16T15:41:32.665Z,56943.1,55476.9,52500.0,55627.6,,,343642958.157628,0.0,BTC/USD,1615909292665.0,0.27069519999999947,55164.95494
484,55555.0,,,6218.51595345,55554.9,,,55555.0,2021-03-16T15:46:32.704Z,56943.1,55555.0,52500.0,55627.6,,,343028409.75730807,0.0,BTC/USD,1615909592704.0,0.1121178,55162.42337
485,55687.2,,,6216.27708912,55687.1,,,55687.2,2021-03-16T15:51:32.875Z,56943.1,55687.2,52500.0,55627.6,,,342898588.48635215,0.0,BTC/USD,1615909892875.0,0.14051759999999983,55161.40667
486,55757.8,,,6193.13804305,55755.2,,,55751.4,2021-03-16T15:56:32.994Z,56943.1,55751.4,52500.0,55627.6,,,341598831.6429387,0.0,BTC/USD,1615910192994.0,0.1725283999999998,55157.63241
487,55906.3,,,6186.48097196,55898.3,,,55906.6,2021-03-16T16:01:33.415Z,56943.1,55906.6,52500.0,55627.6,,,341219363.6311535,0.0,BTC/USD,1615910493415.0,0.23131679999999968,55155.64748
488,55851.5,,,6158.68040092,55851.4,,,55848.7,2021-03-16T16:06:33.202Z,56943.1,55848.7,52500.0,55627.6,,,339666428.59932494,0.0,BTC/USD,1615910793202.0,0.22565279999999982,55152.46879
489,55994.7,,,6143.2607873,55985.8,,,55972.1,2021-03-16T16:11:33.005Z,56943.1,55972.1,52500.0,55627.6,,,338796597.3784734,0.0,BTC/USD,1615911093005.0,0.2644997999999999,55149.31062
490,55953.9,,,6137.75541314,55953.8,,,55953.9,2021-03-16T16:16:33.018Z,56943.1,55953.9,52500.0,55627.6,,,338477621.22209644,0.0,BTC/USD,1615911393018.0,0.19570939999999984,55146.80831
491,55693.6,,,6148.72957844,55693.5,,,55693.6,2021-03-16T16:21:33.259Z,56943.1,55693.6,52500.0,55627.6,,,339084197.52036667,0.0,BTC/USD,1615911693259.0,0.19492399999999985,55147.03374
492,55571.0,,,6165.65618964,55566.9,,,55567.0,2021-03-16T16:26:32.920Z,56943.1,55567.0,52500.0,55627.6,,,340009363.27739805,0.0,BTC/USD,1615911992920.0,0.27844239999999987,55145.68974
493,55673.5,,,6167.60712008,55670.1,,,55673.5,2021-03-16T16:31:33.472Z,56943.1,55673.5,52500.0,55627.6,,,340108494.37301064,0.0,BTC/USD,1615912293472.0,0.2457967999999998,55144.31898
494,55598.1,,,6160.64395141,55598.0,,,55598.1,2021-03-16T16:36:33.787Z,56943.1,55598.1,52500.0,55627.6,,,339712263.32131517,0.0,BTC/USD,1615912593787.0,0.2497845999999997,55142.33025
495,55569.0,,,6181.53123703,55566.0,,,55574.9,2021-03-16T16:41:33.951Z,56943.1,55574.9,52500.0,55627.6,,,340866778.4321029,0.0,BTC/USD,1615912893951.0,0.2330639999999998,55142.77375
496,55686.1,,,6180.22389209,55686.0,,,55686.1,2021-03-16T16:46:34.428Z,56943.1,55686.1,52500.0,55627.6,,,340787430.18354005,0.0,BTC/USD,1615913194428.0,0.2053309999999997,55141.59942
497,55810.6,,,6169.97052621,55798.6,,,55814.3,2021-03-16T16:51:34.976Z,56943.1,55814.3,52500.0,55627.6,,,340206661.576356,0.0,BTC/USD,1615913494976.0,0.20594899999999983,55139.10644
498,55627.9,,,6165.51188754,55627.8,,,55625.8,2021-03-16T16:56:35.396Z,56943.1,55625.8,52500.0,55627.6,,,339953529.1439984,0.0,BTC/USD,1615913795396.0,0.20538239999999972,55137.92453
499,55837.4,,,6157.38133827,55837.3,,,55842.1,2021-03-16T17:01:34.931Z,56943.1,55842.1,52500.0,55627.6,,,339487430.9758273,0.0,BTC/USD,1615914094931.0,0.18075919999999981,55135.03425
500,55703.2,,,6154.04910596,55703.1,,,55703.1,2021-03-16T17:06:35.090Z,56943.1,55703.1,52500.0,55627.6,,,339295398.6054002,0.0,BTC/USD,1615914395090.0,0.20141779999999987,55133.68398
