timestamp,value
2017-01-01T00:00:00Z,2.51016405772233
2017-01-02T00:00:00Z,2.57662765520544
2017-01-03T00:00:00Z,2.62347630084461
2017-01-04T00:00:00Z,3.02798619700446
2017-01-05T00:00:00Z,2.45484483111688
2017-01-06T00:00:00Z,1.97174495421297
2017-01-07T00:00:00Z,2.00641511131594
2017-01-08T00:00:00Z,2.0814361143635
2017-01-09T00:00:00Z,1.99648185433451
2017-01-10T00:00:00Z,2.00623811544428
2017-01-11T00:00:00Z,1.49890799299157
2017-01-12T00:00:00Z,1.59019598330464
2017-01-13T00:00:00Z,1.66543766655384
2017-01-14T00:00:00Z,1.6554887444549
2017-01-15T00:00:00Z,1.66646230306579
2017-01-16T00:00:00Z,1.68103333156681
2017-01-17T00:00:00Z,1.9934447695055
2017-01-18T00:00:00Z,1.90851343040198
2017-01-19T00:00:00Z,1.9682427628301
2017-01-20T00:00:00Z,1.93080373612175
2017-01-21T00:00:00Z,2.04901118533488
2017-01-22T00:00:00Z,2.0329734249547
2017-01-23T00:00:00Z,2.02020226499702
2017-01-24T00:00:00Z,1.86468459012576
2017-01-25T00:00:00Z,1.90736095069063
2017-01-26T00:00:00Z,1.98764515387408
2017-01-27T00:00:00Z,2.00915812603319
2017-01-28T00:00:00Z,2.00884309125682
2017-01-29T00:00:00Z,1.96328443569082
2017-01-30T00:00:00Z,1.98787117759477
2017-01-31T00:00:00Z,2.18074365265063
2017-02-01T00:00:00Z,2.26194096670289
2017-02-02T00:00:00Z,2.32988997976001
2017-02-03T00:00:00Z,2.35049141694066
2017-02-04T00:00:00Z,2.42220192001649
2017-02-05T00:00:00Z,2.33250545075082
2017-02-06T00:00:00Z,2.35483561561632
2017-02-07T00:00:00Z,2.47346940701644
2017-02-08T00:00:00Z,2.46219688640152
2017-02-09T00:00:00Z,2.18056443917577
2017-02-10T00:00:00Z,2.22181071712349
2017-02-11T00:00:00Z,2.28409337638813
2017-02-12T00:00:00Z,2.23636754602017
2017-02-13T00:00:00Z,2.21258461259583
2017-02-14T00:00:00Z,2.23418095633839
2017-02-15T00:00:00Z,2.24365893913151
2017-02-16T00:00:00Z,2.3303339949797
2017-02-17T00:00:00Z,2.39701782302125
2017-02-18T00:00:00Z,2.41915476216128
2017-02-19T00:00:00Z,2.39873861364195
2017-02-20T00:00:00Z,2.51634363131937
2017-02-21T00:00:00Z,2.6639219545928
2017-02-22T00:00:00Z,2.66240829201485
2017-02-23T00:00:00Z,2.90153883867062
2017-02-24T00:00:00Z,2.83993723725184
2017-02-25T00:00:00Z,2.71134222535814
2017-02-26T00:00:00Z,2.80683799521876
2017-02-27T00:00:00Z,2.84713430830047
2017-02-28T00:00:00Z,2.84022938336173
2017-03-01T00:00:00Z,2.95133075261957
2017-03-02T00:00:00Z,3.08997127609434
2017-03-03T00:00:00Z,3.16640226683088
2017-03-04T00:00:00Z,3.05607743760224
2017-03-05T00:00:00Z,3.08252405898625
2017-03-06T00:00:00Z,3.09364999363563
2017-03-07T00:00:00Z,2.88913517089957
2017-03-08T00:00:00Z,2.5577003093657
2017-03-09T00:00:00Z,2.69450311325936
2017-03-10T00:00:00Z,2.37206607755824
2017-03-11T00:00:00Z,2.65517639854845
2017-03-12T00:00:00Z,2.83893757786087
2017-03-13T00:00:00Z,2.85166372099114
2017-03-14T00:00:00Z,2.85277562937062
2017-03-15T00:00:00Z,2.89491045628638
2017-03-16T00:00:00Z,2.56492928816867
2017-03-17T00:00:00Z,2.15352329444337
2017-03-18T00:00:00Z,1.73858375189287
2017-03-19T00:00:00Z,1.92661119485156
2017-03-20T00:00:00Z,2.02279309920615
2017-03-21T00:00:00Z,2.28141436460514
2017-03-22T00:00:00Z,1.98480127994663
2017-03-23T00:00:00Z,1.94014892115064
2017-03-24T00:00:00Z,1.58015489422323
2017-03-25T00:00:00Z,1.69156269980063
2017-03-26T00:00:00Z,1.71223398326456
2017-03-27T00:00:00Z,1.98367358865229
2017-03-28T00:00:00Z,1.99223955959852
2017-03-29T00:00:00Z,1.96625706078953
2017-03-30T00:00:00Z,1.93813829358814
2017-03-31T00:00:00Z,2.1079937732852
2017-04-01T00:00:00Z,2.13826230539878
2017-04-02T00:00:00Z,2.17753452282723
2017-04-03T00:00:00Z,2.32032229888097
2017-04-04T00:00:00Z,2.31199175788771
2017-04-05T00:00:00Z,2.26628699742902
2017-04-06T00:00:00Z,2.48023019746211
2017-04-07T00:00:00Z,2.46912150772776
2017-04-08T00:00:00Z,2.42005105811186
2017-04-09T00:00:00Z,2.51270647966867
2017-04-10T00:00:00Z,2.50479045926852
2017-04-11T00:00:00Z,2.53730841263801
2017-04-12T00:00:00Z,2.50324217244186
2017-04-13T00:00:00Z,2.33192873671096
2017-04-14T00:00:00Z,2.33338532638375
2017-04-15T00:00:00Z,2.34425206372904
2017-04-16T00:00:00Z,2.31823968574544
2017-04-17T00:00:00Z,2.38835458408168
2017-04-18T00:00:00Z,2.41064515325554
2017-04-19T00:00:00Z,2.4415480480716
2017-04-20T00:00:00Z,2.51766273070045
2017-04-21T00:00:00Z,2.55657169275054
2017-04-22T00:00:00Z,2.52348047541189
2017-04-23T00:00:00Z,2.54605297825391
2017-04-24T00:00:00Z,2.56513637363566
2017-04-25T00:00:00Z,2.62747200480724
2017-04-26T00:00:00Z,2.67294358836809
2017-04-27T00:00:00Z,2.84634443039605
2017-04-28T00:00:00Z,2.84371784786138
2017-04-29T00:00:00Z,2.88003740808172
2017-04-30T00:00:00Z,2.94297990160732
2017-05-01T00:00:00Z,3.10378447623483
2017-05-02T00:00:00Z,3.17300147976928
2017-05-03T00:00:00Z,3.35577426157491
2017-05-04T00:00:00Z,3.44113672146754
2017-05-05T00:00:00Z,3.31538322195427
2017-05-06T00:00:00Z,3.48723035724161
2017-05-07T00:00:00Z,3.5218735096431
2017-05-08T00:00:00Z,3.80367163796589
2017-05-09T00:00:00Z,3.87485874286769
2017-05-10T00:00:00Z,4.05564914676494
2017-05-11T00:00:00Z,4.19753248006856
2017-05-12T00:00:00Z,3.69237425263281
2017-05-13T00:00:00Z,3.98158490729428
2017-05-14T00:00:00Z,3.94614449765203
2017-05-15T00:00:00Z,3.71495036131371
2017-05-16T00:00:00Z,3.77452711912001
2017-05-17T00:00:00Z,3.92344635030495
2017-05-18T00:00:00Z,4.17922206051173
2017-05-19T00:00:00Z,4.39306828804486
2017-05-20T00:00:00Z,4.6374067054684
2017-05-21T00:00:00Z,4.54426891982713
2017-05-22T00:00:00Z,4.58304719449453
2017-05-23T00:00:00Z,5.15469085710181
2017-05-24T00:00:00Z,5.57258490760211
2017-05-25T00:00:00Z,5.16570547155598
2017-05-26T00:00:00Z,5.03455084828591
2017-05-27T00:00:00Z,4.27778548514391
2017-05-28T00:00:00Z,4.69600113826439
2017-05-29T00:00:00Z,4.84345629465595
2017-05-30T00:00:00Z,4.48414678719098
2017-05-31T00:00:00Z,4.77382570218844
2017-06-01T00:00:00Z,5.06316243751456
2017-06-02T00:00:00Z,5.21958075205188
2017-06-03T00:00:00Z,5.35206647703727
2017-06-04T00:00:00Z,5.21526494305861
2017-06-05T00:00:00Z,5.64198415190564
2017-06-06T00:00:00Z,6.1135211142634
2017-06-07T00:00:00Z,5.52686712686759
2017-06-08T00:00:00Z,5.75525011366356
2017-06-09T00:00:00Z,5.69963583305181
2017-06-10T00:00:00Z,5.95344646147669
2017-06-11T00:00:00Z,6.05197134447977
2017-06-12T00:00:00Z,5.16283741264907
2017-06-13T00:00:00Z,5.14238615068408
2017-06-14T00:00:00Z,4.38887108485901
2017-06-15T00:00:00Z,4.27773203668675
2017-06-16T00:00:00Z,4.42148215862189
2017-06-17T00:00:00Z,4.85054735864417
2017-06-18T00:00:00Z,4.42580922784911
2017-06-19T00:00:00Z,4.60385753207176
2017-06-20T00:00:00Z,4.94115590360753
2017-06-21T00:00:00Z,4.67237721656352
2017-06-22T00:00:00Z,4.73626679917594
2017-06-23T00:00:00Z,4.71349717164002
2017-06-24T00:00:00Z,4.33860728184813
2017-06-25T00:00:00Z,4.14415999373015
2017-06-26T00:00:00Z,3.9494863776818
2017-06-27T00:00:00Z,4.22153654064101
2017-06-28T00:00:00Z,4.21286665081928
2017-06-29T00:00:00Z,4.13626365336134
2017-06-30T00:00:00Z,3.91097066716211
2017-07-01T00:00:00Z,3.80211923004691
2017-07-02T00:00:00Z,4.01232856509362
2017-07-03T00:00:00Z,4.03339257382033
2017-07-04T00:00:00Z,4.13890852844547
2017-07-05T00:00:00Z,4.13489847016385
2017-07-06T00:00:00Z,4.09078871686768
2017-07-07T00:00:00Z,3.76234300639123
2017-07-08T00:00:00Z,3.91674283952899
2017-07-09T00:00:00Z,3.78446417149139
2017-07-10T00:00:00Z,3.37341456929198
2017-07-11T00:00:00Z,3.30697826196626
2017-07-12T00:00:00Z,3.42767913429645
2017-07-13T00:00:00Z,3.32190593720021
2017-07-14T00:00:00Z,3.02409580719078
2017-07-15T00:00:00Z,2.49865700365318
2017-07-16T00:00:00Z,2.28999931376941
2017-07-17T00:00:00Z,3.01563426195433
2017-07-18T00:00:00Z,3.19052839996263
2017-07-19T00:00:00Z,3.0784351785363
2017-07-20T00:00:00Z,4.3676681092522
2017-07-21T00:00:00Z,3.94181199489777
2017-07-22T00:00:00Z,4.27760626642825
2017-07-23T00:00:00Z,4.07576879776878
2017-07-24T00:00:00Z,4.05128481174761
2017-07-25T00:00:00Z,3.5815741454828
2017-07-26T00:00:00Z,3.46161881549359
2017-07-27T00:00:00Z,3.73566832366377
2017-07-28T00:00:00Z,3.96400783027287
2017-07-29T00:00:00Z,3.71696254582553
2017-07-30T00:00:00Z,3.70515929050909
2017-07-31T00:00:00Z,3.93223481441294
2017-08-01T00:00:00Z,3.59991828024955
2017-08-02T00:00:00Z,3.49797907701349
2017-08-03T00:00:00Z,3.64758255635178
2017-08-04T00:00:00Z,3.71337097832402
2017-08-05T00:00:00Z,4.49420786077026
2017-08-06T00:00:00Z,4.35187951997781
2017-08-07T00:00:00Z,4.62947361142544
2017-08-08T00:00:00Z,4.61746532153531
2017-08-09T00:00:00Z,4.40268058477114
2017-08-10T00:00:00Z,4.54184212316613
2017-08-11T00:00:00Z,4.9431689417345
2017-08-12T00:00:00Z,5.32744559083407
2017-08-13T00:00:00Z,5.62262869937823
2017-08-14T00:00:00Z,6.05866376952671
2017-08-15T00:00:00Z,5.64807766004395
2017-08-16T00:00:00Z,6.00431106431316
2017-08-17T00:00:00Z,5.72850686560347
2017-08-18T00:00:00Z,5.29189022440958
2017-08-19T00:00:00Z,5.28326450566689
2017-08-20T00:00:00Z,5.14774916658372
2017-08-21T00:00:00Z,4.87606683211186
2017-08-22T00:00:00Z,5.03830124635515
2017-08-23T00:00:00Z,5.05605447604549
2017-08-24T00:00:00Z,5.35747123610343
2017-08-25T00:00:00Z,5.35311120721191
2017-08-26T00:00:00Z,5.30525582405246
2017-08-27T00:00:00Z,5.24461766064655
2017-08-28T00:00:00Z,5.24852209710181
2017-08-29T00:00:00Z,5.55917815769959
2017-08-30T00:00:00Z,5.4770975444301
2017-08-31T00:00:00Z,5.64840955546505
2017-09-01T00:00:00Z,5.89319972147229
2017-09-02T00:00:00Z,5.21819999195613
2017-09-03T00:00:00Z,5.21587279406371
2017-09-04T00:00:00Z,4.68827932156933
2017-09-05T00:00:00Z,4.75259943493705
2017-09-06T00:00:00Z,5.02876542686983
2017-09-07T00:00:00Z,4.97287392819697
2017-09-08T00:00:00Z,4.44992858562941
2017-09-09T00:00:00Z,4.41158785488388
2017-09-10T00:00:00Z,4.24554863593618
2017-09-11T00:00:00Z,4.14290707617051
2017-09-12T00:00:00Z,4.04672936165764
2017-09-13T00:00:00Z,3.54713591317766
2017-09-14T00:00:00Z,2.54868204929294
2017-09-15T00:00:00Z,3.28656475814214
2017-09-16T00:00:00Z,3.2683312237664
2017-09-17T00:00:00Z,3.23654380874575
2017-09-18T00:00:00Z,3.77648417761529
2017-09-19T00:00:00Z,3.52343974820303
2017-09-20T00:00:00Z,3.48462392032578
2017-09-21T00:00:00Z,3.028925486524
2017-09-22T00:00:00Z,3.01397359264643
2017-09-23T00:00:00Z,3.25025652793277
2017-09-24T00:00:00Z,3.06615918707523
2017-09-25T00:00:00Z,3.40749884629412
2017-09-26T00:00:00Z,3.33902175469876
2017-09-27T00:00:00Z,3.78907170585455
2017-09-28T00:00:00Z,3.73674375315093
2017-09-29T00:00:00Z,3.66033424245867
2017-09-30T00:00:00Z,3.88902632651483
2017-10-01T00:00:00Z,3.9259445515338
2017-10-02T00:00:00Z,3.91665346214865
2017-10-03T00:00:00Z,3.76063756261797
2017-10-04T00:00:00Z,3.61204095008544
2017-10-05T00:00:00Z,3.72815604864783
2017-10-06T00:00:00Z,3.77178960800161
2017-10-07T00:00:00Z,3.83344145106171
2017-10-08T00:00:00Z,4.04714947879306
2017-10-09T00:00:00Z,4.23774059241684
2017-10-10T00:00:00Z,4.15277116453315
2017-10-11T00:00:00Z,4.21686428965613
2017-10-12T00:00:00Z,5.01299094795834
2017-10-13T00:00:00Z,5.21083004037387
2017-10-14T00:00:00Z,5.41170024220979
2017-10-15T00:00:00Z,5.18830945173142
2017-10-16T00:00:00Z,5.19916604703695
2017-10-17T00:00:00Z,4.93207139820015
2017-10-18T00:00:00Z,4.85300254924116
2017-10-19T00:00:00Z,4.96387765348893
2017-10-20T00:00:00Z,5.29887837441693
2017-10-21T00:00:00Z,5.25313385331843
2017-10-22T00:00:00Z,5.16427506394462
2017-10-23T00:00:00Z,4.93131204442036
2017-10-24T00:00:00Z,4.413848363973
2017-10-25T00:00:00Z,4.65162217562882
2017-10-26T00:00:00Z,4.79620770766862
2017-10-27T00:00:00Z,4.6098434670229
2017-10-28T00:00:00Z,4.55526803231128
2017-10-29T00:00:00Z,5.04033696473221
2017-10-30T00:00:00Z,4.91405404239072
2017-10-31T00:00:00Z,5.24171323936146
2017-11-01T00:00:00Z,5.52796158045072
2017-11-02T00:00:00Z,5.82246451561583
2017-11-03T00:00:00Z,5.91180740644757
2017-11-04T00:00:00Z,6.10903498621205
2017-11-05T00:00:00Z,5.96718484298376
2017-11-06T00:00:00Z,5.45075937552572
2017-11-07T00:00:00Z,5.53018160954341
2017-11-08T00:00:00Z,5.85605862160471
2017-11-09T00:00:00Z,5.39400957280716
2017-11-10T00:00:00Z,4.78675420048901
2017-11-11T00:00:00Z,4.429716043756
2017-11-12T00:00:00Z,3.85444758720837
2017-11-13T00:00:00Z,4.51843806293907
2017-11-14T00:00:00Z,4.53910032133926
2017-11-15T00:00:00Z,5.22635664776162
2017-11-16T00:00:00Z,5.70956602871043
2017-11-17T00:00:00Z,5.51274207189682
2017-11-18T00:00:00Z,5.53515578939527
2017-11-19T00:00:00Z,5.69216793205729
2017-11-20T00:00:00Z,5.82821351056646
2017-11-21T00:00:00Z,5.53115686601789
2017-11-22T00:00:00Z,5.64934505709216
2017-11-23T00:00:00Z,5.42327664974526
2017-11-24T00:00:00Z,5.49436936694251
2017-11-25T00:00:00Z,5.92718261012974
2017-11-26T00:00:00Z,6.38305031703358
2017-11-27T00:00:00Z,6.63812280943616
2017-11-28T00:00:00Z,6.64872653403436
2017-11-29T00:00:00Z,6.42834559179804
2017-11-30T00:00:00Z,6.45610382757092
2017-12-01T00:00:00Z,7.09660283588739
2017-12-02T00:00:00Z,7.01251276448256
2017-12-03T00:00:00Z,7.1778420501148
2017-12-04T00:00:00Z,7.32645704954662
2017-12-05T00:00:00Z,7.25137658878344
2017-12-06T00:00:00Z,8.87571967664239
2017-12-07T00:00:00Z,11.0107247585422
2017-12-08T00:00:00Z,10.005042409763
2017-12-09T00:00:00Z,8.62974825034665
2017-12-10T00:00:00Z,8.58700666626477
2017-12-11T00:00:00Z,9.58771582273964
2017-12-12T00:00:00Z,9.61946947987776
2017-12-13T00:00:00Z,8.78213141745393
2017-12-14T00:00:00Z,8.60953458378205
2017-12-15T00:00:00Z,9.03831835621655
2017-12-16T00:00:00Z,10.0117391787368
2017-12-17T00:00:00Z,9.50412235473982
2017-12-18T00:00:00Z,9.05607271278503
2017-12-19T00:00:00Z,8.15788358131186
2017-12-20T00:00:00Z,7.20822073136117
2017-12-21T00:00:00Z,6.58617813372481
2017-12-22T00:00:00Z,5.57925782369325
2017-12-23T00:00:00Z,5.90323240730784
2017-12-24T00:00:00Z,5.41919628900125
2017-12-25T00:00:00Z,5.39768237690678
2017-12-26T00:00:00Z,6.24403195772501
2017-12-27T00:00:00Z,5.99848098831174
2017-12-28T00:00:00Z,5.26151134552779
2017-12-29T00:00:00Z,5.3887628113111
2017-12-30T00:00:00Z,4.31414475556419
2017-12-31T00:00:00Z,4.92542336385338
2018-01-01T00:00:00Z,4.62220639257021
2018-01-02T00:00:00Z,5.31750083184633
2018-01-03T00:00:00Z,5.37960459708152
2018-01-04T00:00:00Z,5.3511703240943
2018-01-05T00:00:00Z,6.20071893747292
2018-01-06T00:00:00Z,6.1946670928109
2018-01-07T00:00:00Z,5.612509939717
2018-01-08T00:00:00Z,4.95981717067534
2018-01-09T00:00:00Z,4.60011698536272
2018-01-10T00:00:00Z,4.76997684816248
2018-01-11T00:00:00Z,3.97493133022315
2018-01-12T00:00:00Z,4.17867981877723
2018-01-13T00:00:00Z,4.33495990736407
2018-01-14T00:00:00Z,4.07788077143916
2018-01-15T00:00:00Z,3.96374378631117
2018-01-16T00:00:00Z,2.95128207002493
2018-01-17T00:00:00Z,2.79823184175879
2018-01-18T00:00:00Z,2.85326194469645
2018-01-19T00:00:00Z,2.94740860239844
2018-01-20T00:00:00Z,3.52373534004562
2018-01-21T00:00:00Z,2.86243444742225
2018-01-22T00:00:00Z,2.51317248449396
2018-01-23T00:00:00Z,2.57214810820002
2018-01-24T00:00:00Z,2.76680257520559
2018-01-25T00:00:00Z,2.69533000665978
2018-01-26T00:00:00Z,2.67481910742628
2018-01-27T00:00:00Z,2.7880938853012
2018-01-28T00:00:00Z,2.87627045786708
2018-01-29T00:00:00Z,2.66194202113371
2018-01-30T00:00:00Z,2.10884283863774
2018-01-31T00:00:00Z,2.17498882010652
2018-02-01T00:00:00Z,1.69137226691522
2018-02-02T00:00:00Z,1.6113530806765
2018-02-03T00:00:00Z,1.75115961639734
2018-02-04T00:00:00Z,1.33799310729976
2018-02-05T00:00:00Z,0.754669743399275
2018-02-06T00:00:00Z,1.19626040713312
2018-02-07T00:00:00Z,1.0970852789719
2018-02-08T00:00:00Z,1.36012896386149
2018-02-09T00:00:00Z,1.58352866156893
2018-02-10T00:00:00Z,1.52082307421787
2018-02-11T00:00:00Z,1.30788916287127
2018-02-12T00:00:00Z,1.66784482063729
2018-02-13T00:00:00Z,1.4953696053007
2018-02-14T00:00:00Z,1.9290988688116
2018-02-15T00:00:00Z,2.17575794964547
2018-02-16T00:00:00Z,2.24636838256768
2018-02-17T00:00:00Z,2.62401114289247
2018-02-18T00:00:00Z,2.3758112626328
2018-02-19T00:00:00Z,2.64809451737038
2018-02-20T00:00:00Z,2.71895899786313
2018-02-21T00:00:00Z,2.38428430969303
2018-02-22T00:00:00Z,2.06087937883276
2018-02-23T00:00:00Z,2.1759069392384
2018-02-24T00:00:00Z,1.94969174612739
2018-02-25T00:00:00Z,1.8817254424727
2018-02-26T00:00:00Z,2.18296134401038
2018-02-27T00:00:00Z,2.32696957425855
2018-02-28T00:00:00Z,2.17369810614205
2018-03-01T00:00:00Z,2.40344162165769
2018-03-02T00:00:00Z,2.4431915831642
2018-03-03T00:00:00Z,2.61026055719462
2018-03-04T00:00:00Z,2.61183812001972
2018-03-05T00:00:00Z,2.6218416631937
2018-03-06T00:00:00Z,2.2757857303625
2018-03-07T00:00:00Z,1.93430371869318
2018-03-08T00:00:00Z,1.69626318944385
2018-03-09T00:00:00Z,1.69031121496944
2018-03-10T00:00:00Z,1.47012432066123
2018-03-11T00:00:00Z,1.77701722342516
2018-03-12T00:00:00Z,1.62420274745219
2018-03-13T00:00:00Z,1.62420583272522
2018-03-14T00:00:00Z,1.23059032735556
2018-03-15T00:00:00Z,1.24058951979091
2018-03-16T00:00:00Z,1.27509377348732
2018-03-17T00:00:00Z,1.08295627715492
2018-03-18T00:00:00Z,1.21320373407342
2018-03-19T00:00:00Z,1.36154495671734
2018-03-20T00:00:00Z,1.49797744753449
2018-03-21T00:00:00Z,1.50580159230454
2018-03-22T00:00:00Z,1.4151577546793
2018-03-23T00:00:00Z,1.45615619786111
2018-03-24T00:00:00Z,1.3958684092191
2018-03-25T00:00:00Z,1.31309471061921
2018-03-26T00:00:00Z,1.20465635087606
2018-03-27T00:00:00Z,1.05347350257082
2018-03-28T00:00:00Z,1.12319855019187
2018-03-29T00:00:00Z,0.804087280741223
2018-03-30T00:00:00Z,0.681952513800345
2018-03-31T00:00:00Z,0.711137100569525
2018-04-01T00:00:00Z,0.661951137724101
2018-04-02T00:00:00Z,0.7521230200484
2018-04-03T00:00:00Z,0.915801722040162
2018-04-04T00:00:00Z,0.670317212842875
2018-04-05T00:00:00Z,0.656453570511535
2018-04-06T00:00:00Z,0.585966592960439
2018-04-07T00:00:00Z,0.698450218783163
2018-04-08T00:00:00Z,0.748467344553676
2018-04-09T00:00:00Z,0.642322580122542
2018-04-10T00:00:00Z,0.677536216222213
2018-04-11T00:00:00Z,0.719326403234891
2018-04-12T00:00:00Z,1.12887500511376
2018-04-13T00:00:00Z,1.11266644448576
2018-04-14T00:00:00Z,1.15871584171385
2018-04-15T00:00:00Z,1.28791424798885
2018-04-16T00:00:00Z,1.16386016667154
2018-04-17T00:00:00Z,1.09516318124895
2018-04-18T00:00:00Z,1.21143548394534
2018-04-19T00:00:00Z,1.24639371549731
2018-04-20T00:00:00Z,1.46640583210281
2018-04-21T00:00:00Z,1.46608104360165
2018-04-22T00:00:00Z,1.44440208715581
2018-04-23T00:00:00Z,1.49169730253751
2018-04-24T00:00:00Z,1.78636274141035
2018-04-25T00:00:00Z,1.50054064361295
2018-04-26T00:00:00Z,1.59937639057517
2018-04-27T00:00:00Z,1.50521666528734
2018-04-28T00:00:00Z,1.63514407727555
2018-04-29T00:00:00Z,1.6604748358212
2018-04-30T00:00:00Z,1.58062812282354
2018-05-01T00:00:00Z,1.52933539391451
2018-05-02T00:00:00Z,1.57821984334954
2018-05-03T00:00:00Z,1.77848007090379
2018-05-04T00:00:00Z,1.75753393340013
2018-05-05T00:00:00Z,1.80294546021403
2018-05-06T00:00:00Z,1.72420059821011
2018-05-07T00:00:00Z,1.61018227602389
2018-05-08T00:00:00Z,1.56595719272671
2018-05-09T00:00:00Z,1.58616604087461
2018-05-10T00:00:00Z,1.48841723121629
2018-05-11T00:00:00Z,1.24380129793883
2018-05-12T00:00:00Z,1.27172476800628
2018-05-13T00:00:00Z,1.35157439568039
2018-05-14T00:00:00Z,1.33082688355323
2018-05-15T00:00:00Z,1.24885061416661
2018-05-16T00:00:00Z,1.17917359677049
2018-05-17T00:00:00Z,1.06143232659854
2018-05-18T00:00:00Z,1.13405210834003
2018-05-19T00:00:00Z,1.13285911873799
2018-05-20T00:00:00Z,1.23828302105349
2018-05-21T00:00:00Z,1.19684192932645
2018-05-22T00:00:00Z,1.05424406350355
2018-05-23T00:00:00Z,0.860196586591336
2018-05-24T00:00:00Z,0.880775296147932
2018-05-25T00:00:00Z,0.811796681873993
2018-05-26T00:00:00Z,0.78836147909177
2018-05-27T00:00:00Z,0.791088089768321
2018-05-28T00:00:00Z,0.710055333059723
2018-05-29T00:00:00Z,0.834848154083168
2018-05-30T00:00:00Z,0.809444614945357
2018-05-31T00:00:00Z,0.844470149258311
2018-06-01T00:00:00Z,0.863419188913245
2018-06-02T00:00:00Z,0.903811946519244
2018-06-03T00:00:00Z,0.931663511009406
2018-06-04T00:00:00Z,0.846720184707566
2018-06-05T00:00:00Z,0.895468032891846
2018-06-06T00:00:00Z,0.905431008614516
2018-06-07T00:00:00Z,0.915419538326727
2018-06-08T00:00:00Z,0.898923818188113
2018-06-09T00:00:00Z,0.89053662533608
2018-06-10T00:00:00Z,0.567616145398087
2018-06-11T00:00:00Z,0.614330475924982
2018-06-12T00:00:00Z,0.500033453089838
2018-06-13T00:00:00Z,0.425730214598274
2018-06-14T00:00:00Z,0.537867954390542
2018-06-15T00:00:00Z,0.465394197910164
2018-06-16T00:00:00Z,0.499642140252884
2018-06-17T00:00:00Z,0.485756926545348
2018-06-18T00:00:00Z,0.576373491685765
2018-06-19T00:00:00Z,0.586787083886699
2018-06-20T00:00:00Z,0.595315660388926
2018-06-21T00:00:00Z,0.577186035242131
2018-06-22T00:00:00Z,0.332171769249499
2018-06-23T00:00:00Z,0.365582334275709
2018-06-24T00:00:00Z,0.361047814521086
2018-06-25T00:00:00Z,0.40482295633307
2018-06-26T00:00:00Z,0.343441920838637
2018-06-27T00:00:00Z,0.382713448775549
2018-06-28T00:00:00Z,0.289531133286661
2018-06-29T00:00:00Z,0.414760452518619
2018-06-30T00:00:00Z,0.489542733594439
2018-07-01T00:00:00Z,0.480712205955359
2018-07-02T00:00:00Z,0.568202518712448
2018-07-03T00:00:00Z,0.535369102175334
2018-07-04T00:00:00Z,0.561433528200704
2018-07-05T00:00:00Z,0.578331209137545
2018-07-06T00:00:00Z,0.587280216489459
2018-07-07T00:00:00Z,0.66180509707067
2018-07-08T00:00:00Z,0.624870494773356
2018-07-09T00:00:00Z,0.620192826600511
2018-07-10T00:00:00Z,0.46226333773805
2018-07-11T00:00:00Z,0.48878566332078
2018-07-12T00:00:00Z,0.402200672045122
2018-07-13T00:00:00Z,0.430616090046245
2018-07-14T00:00:00Z,0.448568257996269
2018-07-15T00:00:00Z,0.483645256155613
2018-07-16T00:00:00Z,0.614331977437168
2018-07-17T00:00:00Z,0.842705551975499
2018-07-18T00:00:00Z,0.860325635515362
2018-07-19T00:00:00Z,0.894922436898885
2018-07-20T00:00:00Z,0.851898160258836
2018-07-21T00:00:00Z,0.873476578396513
2018-07-22T00:00:00Z,0.873020034729239
2018-07-23T00:00:00Z,0.98121068917361
2018-07-24T00:00:00Z,1.22363716831847
2018-07-25T00:00:00Z,1.16062055562115
2018-07-26T00:00:00Z,1.06349934920727
2018-07-27T00:00:00Z,1.14223136047139
2018-07-28T00:00:00Z,1.14865315556901
2018-07-29T00:00:00Z,1.16747895745543
2018-07-30T00:00:00Z,1.13977558141286
2018-07-31T00:00:00Z,0.992562028001675
2018-08-01T00:00:00Z,0.931822984423767
2018-08-02T00:00:00Z,0.910999160973862
2018-08-03T00:00:00Z,0.865766393105383
2018-08-04T00:00:00Z,0.7136213228284
2018-08-05T00:00:00Z,0.724666096950436
2018-08-06T00:00:00Z,0.6851435240794
2018-08-07T00:00:00Z,0.614165944432992
2018-08-08T00:00:00Z,0.448754234981762
2018-08-09T00:00:00Z,0.550953693396093
2018-08-10T00:00:00Z,0.404789206434662
2018-08-11T00:00:00Z,0.475883504608526
2018-08-12T00:00:00Z,0.45566670415163
2018-08-13T00:00:00Z,0.449656745743538
2018-08-14T00:00:00Z,0.423569500535917
2018-08-15T00:00:00Z,0.452578240281369
2018-08-16T00:00:00Z,0.464909898759752
2018-08-17T00:00:00Z,0.559732024378317
2018-08-18T00:00:00Z,0.506407238293714
2018-08-19T00:00:00Z,0.531588256217308
2018-08-20T00:00:00Z,0.459477480547858
2018-08-21T00:00:00Z,0.525938606893647
2018-08-22T00:00:00Z,0.483102562398653
2018-08-23T00:00:00Z,0.541678423037024
2018-08-24T00:00:00Z,0.604998219441119
2018-08-25T00:00:00Z,0.627250774223225
2018-08-26T00:00:00Z,0.606083371101892
2018-08-27T00:00:00Z,0.666505403120842
2018-08-28T00:00:00Z,0.745725828938947
2018-08-29T00:00:00Z,0.723544042455465
2018-08-30T00:00:00Z,0.698608422928129
2018-08-31T00:00:00Z,0.718878128996097
2018-09-01T00:00:00Z,0.775044384660804
2018-09-02T00:00:00Z,0.804725654222315
2018-09-03T00:00:00Z,0.800806725299389
2018-09-04T00:00:00Z,0.832166716915244
2018-09-05T00:00:00Z,0.635608022084734
2018-09-06T00:00:00Z,0.534727322052616
2018-09-07T00:00:00Z,0.50797930712906
2018-09-08T00:00:00Z,0.418416643043462
2018-09-09T00:00:00Z,0.450241847287976
2018-09-10T00:00:00Z,0.458861181092632
2018-09-11T00:00:00Z,0.460740362228847
2018-09-12T00:00:00Z,0.472246054765276
2018-09-13T00:00:00Z,0.53624786534184
2018-09-14T00:00:00Z,0.534161483100358
2018-09-15T00:00:00Z,0.541435351052248
2018-09-16T00:00:00Z,0.530349779197865
2018-09-17T00:00:00Z,0.44828236938218
2018-09-18T00:00:00Z,0.4813659437853
2018-09-19T00:00:00Z,0.491269345372484
2018-09-20T00:00:00Z,0.539234704866917
2018-09-21T00:00:00Z,0.618177479071374
2018-09-22T00:00:00Z,0.614711300562107
2018-09-23T00:00:00Z,0.608961535161471
2018-09-24T00:00:00Z,0.567576818070087
2018-09-25T00:00:00Z,0.514412474394313
2018-09-26T00:00:00Z,0.531463491925255
2018-09-27T00:00:00Z,0.603876891514993
2018-09-28T00:00:00Z,0.587733880913028
2018-09-29T00:00:00Z,0.579535278297485
2018-09-30T00:00:00Z,0.579742516389921
2018-10-01T00:00:00Z,0.567999007810456
2018-10-02T00:00:00Z,0.556743835686264
2018-10-03T00:00:00Z,0.537850054890607
2018-10-04T00:00:00Z,0.565041846761661
2018-10-05T00:00:00Z,0.582136069673548
2018-10-06T00:00:00Z,0.56980896793779
2018-10-07T00:00:00Z,0.585748975956549
2018-10-08T00:00:00Z,0.592619677414389
2018-10-09T00:00:00Z,0.588424289526837
2018-10-10T00:00:00Z,0.569979760015855
2018-10-11T00:00:00Z,0.452535738110859
2018-10-12T00:00:00Z,0.461966686706015
2018-10-13T00:00:00Z,0.468187428653406
2018-10-14T00:00:00Z,0.469821665603246
2018-10-15T00:00:00Z,0.582460268198325
2018-10-16T00:00:00Z,0.580625826746182
2018-10-17T00:00:00Z,0.563532260057671
2018-10-18T00:00:00Z,0.538881832270098
2018-10-19T00:00:00Z,0.534882693299997
2018-10-20T00:00:00Z,0.551466132387645
2018-10-21T00:00:00Z,0.548782350986478
2018-10-22T00:00:00Z,0.549442515184854
2018-10-23T00:00:00Z,0.54445675749181
2018-10-24T00:00:00Z,0.554681910008835
2018-10-25T00:00:00Z,0.550190658106008
2018-10-26T00:00:00Z,0.549239989417974
2018-10-27T00:00:00Z,0.549128562913062
2018-10-28T00:00:00Z,0.553622916397349
2018-10-29T00:00:00Z,0.49973548190199
2018-10-30T00:00:00Z,0.501783141202538
2018-10-31T00:00:00Z,0.493967424563023
2018-11-01T00:00:00Z,0.518469552641803
2018-11-02T00:00:00Z,0.51938967625549
2018-11-03T00:00:00Z,0.511228658490883
2018-11-04T00:00:00Z,0.494740457506314
2018-11-05T00:00:00Z,0.531982696929317
2018-11-06T00:00:00Z,0.545720460334699
2018-11-07T00:00:00Z,0.569312333061512
2018-11-08T00:00:00Z,0.54469235624484
2018-11-09T00:00:00Z,0.520340567772398
2018-11-10T00:00:00Z,0.522288180078487
2018-11-11T00:00:00Z,0.523312334071246
2018-11-12T00:00:00Z,0.515225119896668
2018-11-13T00:00:00Z,0.509672848983707
2018-11-14T00:00:00Z,0.281166946957938
2018-11-15T00:00:00Z,0.267327413858559
2018-11-16T00:00:00Z,0.244159737646979
2018-11-17T00:00:00Z,0.237911241864456
2018-11-18T00:00:00Z,0.262791181565381
2018-11-19T00:00:00Z,0.00281446244507463
2018-11-20T00:00:00Z,-0.16370788262198
2018-11-21T00:00:00Z,-0.0799446973997683
2018-11-22T00:00:00Z,-0.166307151124653
2018-11-23T00:00:00Z,-0.171320972767457
2018-11-24T00:00:00Z,-0.32846224555677
2018-11-25T00:00:00Z,-0.282731828489133
2018-11-26T00:00:00Z,-0.364839073074127
2018-11-27T00:00:00Z,-0.344552223942185
2018-11-28T00:00:00Z,-0.180210057443528
2018-11-29T00:00:00Z,-0.172382621996927
2018-11-30T00:00:00Z,-0.265989364216966
2018-12-01T00:00:00Z,-0.199457063114066
2018-12-02T00:00:00Z,-0.22325649109975
2018-12-03T00:00:00Z,-0.3122184805009
2018-12-04T00:00:00Z,-0.290375648745562
2018-12-05T00:00:00Z,-0.35725712865271
2018-12-06T00:00:00Z,-0.432365355071618
2018-12-07T00:00:00Z,-0.468825570156097
2018-12-08T00:00:00Z,-0.441514995829055
2018-12-09T00:00:00Z,-0.389791540197046
2018-12-10T00:00:00Z,-0.427265918051646
2018-12-11T00:00:00Z,-0.450386595310601
2018-12-12T00:00:00Z,-0.426235462635469
2018-12-13T00:00:00Z,-0.485657030058003
2018-12-14T00:00:00Z,-0.502643910102988
2018-12-15T00:00:00Z,-0.508641014924801
2018-12-16T00:00:00Z,-0.499178444529347
2018-12-17T00:00:00Z,-0.391935434845071
2018-12-18T00:00:00Z,-0.33078673884982
2018-12-19T00:00:00Z,-0.312260438349218
2018-12-20T00:00:00Z,-0.174596322376556
2018-12-21T00:00:00Z,-0.254300241302029
2018-12-22T00:00:00Z,-0.213380353254383
2018-12-23T00:00:00Z,-0.217585267565301
2018-12-24T00:00:00Z,-0.177158107925388
2018-12-25T00:00:00Z,-0.282733486826105
2018-12-26T00:00:00Z,-0.266356457223785
2018-12-27T00:00:00Z,-0.341666726851959
2018-12-28T00:00:00Z,-0.23438959726024
2018-12-29T00:00:00Z,-0.219863442791635
2018-12-30T00:00:00Z,-0.253409643074745
2018-12-31T00:00:00Z,-0.297397770739961
2019-01-01T00:00:00Z,-0.258850788511241
2019-01-02T00:00:00Z,-0.222495212890411
2019-01-03T00:00:00Z,-0.259816690003937
2019-01-04T00:00:00Z,-0.251046443730559
2019-01-05T00:00:00Z,-0.255375044214775
2019-01-06T00:00:00Z,-0.168124989405039
2019-01-07T00:00:00Z,-0.188704748733636
2019-01-08T00:00:00Z,-0.18393938835348
2019-01-09T00:00:00Z,-0.183460135886306
2019-01-10T00:00:00Z,-0.307469579308375
2019-01-11T00:00:00Z,-0.29486077075746
2019-01-12T00:00:00Z,-0.301994539636293
2019-01-13T00:00:00Z,-0.342302020571878
2019-01-14T00:00:00Z,-0.284131459605202
2019-01-15T00:00:00Z,-0.311887767611066
2019-01-16T00:00:00Z,-0.304434860038862
2019-01-17T00:00:00Z,-0.294408783328907
2019-01-18T00:00:00Z,-0.303118046026149
2019-01-19T00:00:00Z,-0.274254280275576
2019-01-20T00:00:00Z,-0.319310844450015
2019-01-21T00:00:00Z,-0.328869504781672
2019-01-22T00:00:00Z,-0.314531658458371
2019-01-23T00:00:00Z,-0.321465572882135
2019-01-24T00:00:00Z,-0.31485967417934
2019-01-25T00:00:00Z,-0.31372432585801
2019-01-26T00:00:00Z,-0.313052715173649
2019-01-27T00:00:00Z,-0.317847617011056
2019-01-28T00:00:00Z,-0.355873141488266
2019-01-29T00:00:00Z,-0.365198821483349
2019-01-30T00:00:00Z,-0.349250024473781
2019-01-31T00:00:00Z,-0.355386031276362
2019-02-01T00:00:00Z,-0.345723709620912
2019-02-02T00:00:00Z,-0.331255588551888
2019-02-03T00:00:00Z,-0.353401632780991
2019-02-04T00:00:00Z,-0.35284014417166
2019-02-05T00:00:00Z,-0.35251805674668
2019-02-06T00:00:00Z,-0.368399247043857
2019-02-07T00:00:00Z,-0.371647553577388
2019-02-08T00:00:00Z,-0.275190767021724
2019-02-09T00:00:00Z,-0.271517148412173
2019-02-10T00:00:00Z,-0.264009466526727
2019-02-11T00:00:00Z,-0.279454626973435
2019-02-12T00:00:00Z,-0.277464036047101
2019-02-13T00:00:00Z,-0.281161888811657
2019-02-14T00:00:00Z,-0.285355937483895
2019-02-15T00:00:00Z,-0.283822819943821
2019-02-16T00:00:00Z,-0.278553718162945
2019-02-17T00:00:00Z,-0.261297548320779
2019-02-18T00:00:00Z,-0.173484507300645
2019-02-19T00:00:00Z,-0.161633308898746
2019-02-20T00:00:00Z,-0.144218381543958
2019-02-21T00:00:00Z,-0.160469626725905
2019-02-22T00:00:00Z,-0.141227166988579
2019-02-23T00:00:00Z,-0.088695489825869
2019-02-24T00:00:00Z,-0.202197572689085
2019-02-25T00:00:00Z,-0.180618935924979
2019-02-26T00:00:00Z,-0.192259482806605
2019-02-27T00:00:00Z,-0.193261714453479
2019-02-28T00:00:00Z,-0.191103318759313
2019-03-01T00:00:00Z,-0.187140004010968
2019-03-02T00:00:00Z,-0.186706777985211
2019-03-03T00:00:00Z,-0.195255241432238
2019-03-04T00:00:00Z,-0.223263635266002
2019-03-05T00:00:00Z,-0.1737669442266
2019-03-06T00:00:00Z,-0.169726146527091
2019-03-07T00:00:00Z,-0.16748381363284
2019-03-08T00:00:00Z,-0.171579092776467
2019-03-09T00:00:00Z,-0.147928161137371
2019-03-10T00:00:00Z,-0.151781905704582
2019-03-11T00:00:00Z,-0.16587590689488
2019-03-12T00:00:00Z,-0.165378213315291
2019-03-13T00:00:00Z,-0.163977141671911
2019-03-14T00:00:00Z,-0.163214026558923
2019-03-15T00:00:00Z,-0.145933069055586
2019-03-16T00:00:00Z,-0.111390985034331
2019-03-17T00:00:00Z,-0.119162509972206
2019-03-18T00:00:00Z,-0.118977172276116
2019-03-19T00:00:00Z,-0.103427391224339
2019-03-20T00:00:00Z,-0.0981002397620993
2019-03-21T00:00:00Z,-0.117876635617529
2019-03-22T00:00:00Z,-0.117978162502058
2019-03-23T00:00:00Z,-0.114488969046029
2019-03-24T00:00:00Z,-0.121642176465645
2019-03-25T00:00:00Z,-0.141376163198796
2019-03-26T00:00:00Z,-0.134890559906875
2019-03-27T00:00:00Z,-0.096594811608264
2019-03-28T00:00:00Z,-0.102355959388377
2019-03-29T00:00:00Z,-0.0968416156576641
2019-03-30T00:00:00Z,-0.092251181640009
2019-03-31T00:00:00Z,-0.0870931709679533
2019-04-01T00:00:00Z,-0.0691281434753956
2019-04-02T00:00:00Z,0.18815021653374
2019-04-03T00:00:00Z,0.234709195951622
2019-04-04T00:00:00Z,0.204527477593721
2019-04-05T00:00:00Z,0.246427050468972
2019-04-06T00:00:00Z,0.258989541978935
2019-04-07T00:00:00Z,0.308893852996003
2019-04-08T00:00:00Z,0.337362958322621
2019-04-09T00:00:00Z,0.304212424513743
2019-04-10T00:00:00Z,0.348038016119919
2019-04-11T00:00:00Z,0.254465206224333
2019-04-12T00:00:00Z,0.261166940293146
2019-04-13T00:00:00Z,0.263328906486904
2019-04-14T00:00:00Z,0.292047895428739
2019-04-15T00:00:00Z,0.254017222163446
2019-04-16T00:00:00Z,0.314211930401719
2019-04-17T00:00:00Z,0.321227014498185
2019-04-18T00:00:00Z,0.336818342729817
2019-04-19T00:00:00Z,0.336622179382251
2019-04-20T00:00:00Z,0.347882799977221
2019-04-21T00:00:00Z,0.338448100999363
2019-04-22T00:00:00Z,0.368701423273392
2019-04-23T00:00:00Z,0.431119596234954
2019-04-24T00:00:00Z,0.389963667868759
2019-04-25T00:00:00Z,0.297429359331046
2019-04-26T00:00:00Z,0.322011252100381
2019-04-27T00:00:00Z,0.332647047776005
2019-04-28T00:00:00Z,0.328757550768143
2019-04-29T00:00:00Z,0.315814357667991
2019-04-30T00:00:00Z,0.352639879579368
2019-05-01T00:00:00Z,0.373534982951064
2019-05-02T00:00:00Z,0.413775758288799
2019-05-03T00:00:00Z,0.509257389216547
2019-05-04T00:00:00Z,0.531192998286054
2019-05-05T00:00:00Z,0.521049096580911
2019-05-06T00:00:00Z,0.500080319727707
2019-05-07T00:00:00Z,0.553748151464217
2019-05-08T00:00:00Z,0.580139029536267
2019-05-09T00:00:00Z,0.65191744537306
2019-05-10T00:00:00Z,0.723169853908977
2019-05-11T00:00:00Z,1.04780326481106
2019-05-12T00:00:00Z,0.92904666712369
2019-05-13T00:00:00Z,1.21750182205959
2019-05-14T00:00:00Z,1.27303816275996
2019-05-15T00:00:00Z,1.35016307637129
2019-05-16T00:00:00Z,1.21224939464422
2019-05-17T00:00:00Z,1.01815982682263
2019-05-18T00:00:00Z,0.997412979497334
2019-05-19T00:00:00Z,1.34814739284523
2019-05-20T00:00:00Z,1.24179509419416
2019-05-21T00:00:00Z,1.24091870033776
2019-05-22T00:00:00Z,1.15153186574385
2019-05-23T00:00:00Z,1.20395875963271
2019-05-24T00:00:00Z,1.23820084722601
2019-05-25T00:00:00Z,1.25934617910373
2019-05-26T00:00:00Z,1.48202303638641
2019-05-27T00:00:00Z,1.52682695362976
2019-05-28T00:00:00Z,1.48786599649959
2019-05-29T00:00:00Z,1.43803544869355
2019-05-30T00:00:00Z,1.31111336065882
2019-05-31T00:00:00Z,1.40203419999986
2019-06-01T00:00:00Z,1.40216182019534
2019-06-02T00:00:00Z,1.45935900475439
2019-06-03T00:00:00Z,1.26167751449753
2019-06-04T00:00:00Z,1.07882187840179
2019-06-05T00:00:00Z,1.12916675350318
2019-06-06T00:00:00Z,1.12627197335602
2019-06-07T00:00:00Z,1.20380208401431
2019-06-08T00:00:00Z,1.1655778881109
2019-06-09T00:00:00Z,1.07047292857775
2019-06-10T00:00:00Z,1.17963272295612
2019-06-11T00:00:00Z,1.1563813339926
2019-06-12T00:00:00Z,1.22631262516363
2019-06-13T00:00:00Z,1.25767869176135
2019-06-14T00:00:00Z,1.42541888327587
2019-06-15T00:00:00Z,1.47117609157812
2019-06-16T00:00:00Z,1.52170640343496
2019-06-17T00:00:00Z,1.6340497298588
2019-06-18T00:00:00Z,1.53380075206821
2019-06-19T00:00:00Z,1.60731399339871
2019-06-20T00:00:00Z,1.69245845891198
2019-06-21T00:00:00Z,1.89788964151443
2019-06-22T00:00:00Z,2.09107446211338
2019-06-23T00:00:00Z,2.13306255874162
2019-06-24T00:00:00Z,2.18562008656767
2019-06-25T00:00:00Z,2.45209714156419
2019-06-26T00:00:00Z,2.85384821686089
2019-06-27T00:00:00Z,2.15937436968928
2019-06-28T00:00:00Z,2.60704599862332
2019-06-29T00:00:00Z,2.44668542438709
2019-06-30T00:00:00Z,2.06403097608482
2019-07-01T00:00:00Z,1.94403803626539
2019-07-02T00:00:00Z,2.01798852936817
2019-07-03T00:00:00Z,2.41212180255353
2019-07-04T00:00:00Z,2.14232601185063
2019-07-05T00:00:00Z,2.05333940061062
2019-07-06T00:00:00Z,2.12959364543398
2019-07-07T00:00:00Z,2.20146200920111
2019-07-08T00:00:00Z,2.49791869652364
2019-07-09T00:00:00Z,2.57443702585417
2019-07-10T00:00:00Z,2.40331578639095
2019-07-11T00:00:00Z,2.11326342358714
2019-07-12T00:00:00Z,2.28169925681658
2019-07-13T00:00:00Z,2.11746964702715
2019-07-14T00:00:00Z,1.72728951882398
2019-07-15T00:00:00Z,1.95592754795746
2019-07-16T00:00:00Z,1.48044496548454
2019-07-17T00:00:00Z,1.5293216077207
2019-07-18T00:00:00Z,1.88065171387692
2019-07-19T00:00:00Z,1.81167302640603
2019-07-20T00:00:00Z,1.88903818731506
2019-07-21T00:00:00Z,1.82569070284729
2019-07-22T00:00:00Z,1.73375739334926
2019-07-23T00:00:00Z,1.58129465765775
2019-07-24T00:00:00Z,1.54815559039627
2019-07-25T00:00:00Z,1.57639409892136
2019-07-26T00:00:00Z,1.56033480333725
2019-07-27T00:00:00Z,1.41646280441458
2019-07-28T00:00:00Z,1.4492864543789
2019-07-29T00:00:00Z,1.40785911155136
2019-07-30T00:00:00Z,1.42926681725078
2019-07-31T00:00:00Z,1.59116899000162
2019-08-01T00:00:00Z,1.69559200140978
2019-08-02T00:00:00Z,1.73289628192689
2019-08-03T00:00:00Z,1.83140614424167
2019-08-04T00:00:00Z,1.8783750165219
2019-08-05T00:00:00Z,2.15009303005962
2019-08-06T00:00:00Z,2.01588242681052
2019-08-07T00:00:00Z,2.17262544755893
2019-08-08T00:00:00Z,2.16958629565126
2019-08-09T00:00:00Z,2.13660185175675
2019-08-10T00:00:00Z,1.96460717477289
2019-08-11T00:00:00Z,2.01388331458363
2019-08-12T00:00:00Z,1.96226983302132
2019-08-13T00:00:00Z,1.79749303216133
2019-08-14T00:00:00Z,1.50026434301637
2019-08-15T00:00:00Z,1.59206141630447
2019-08-16T00:00:00Z,1.61100030858412
2019-08-17T00:00:00Z,1.55816819612307
2019-08-18T00:00:00Z,1.60041361425188
2019-08-19T00:00:00Z,1.77264365563763
2019-08-20T00:00:00Z,1.73372664226129
2019-08-21T00:00:00Z,1.50341055579096
2019-08-22T00:00:00Z,1.51834680410564
2019-08-23T00:00:00Z,1.60236024643375
2019-08-24T00:00:00Z,1.51780535564246
2019-08-25T00:00:00Z,1.49912162741027
2019-08-26T00:00:00Z,1.5845462266638
2019-08-27T00:00:00Z,1.51910929377418
2019-08-28T00:00:00Z,1.37279203195327
2019-08-29T00:00:00Z,1.29332801238175
2019-08-30T00:00:00Z,1.32131988256198
2019-08-31T00:00:00Z,1.33168938286235
2019-09-01T00:00:00Z,1.37247388998035
2019-09-02T00:00:00Z,1.56216935298628
2019-09-03T00:00:00Z,1.65975017173767
2019-09-04T00:00:00Z,1.63846864043054
2019-09-05T00:00:00Z,1.63186516307506
2019-09-06T00:00:00Z,1.53902672944057
2019-09-07T00:00:00Z,1.5903838338106
2019-09-08T00:00:00Z,1.56591663984504
2019-09-09T00:00:00Z,1.52973410670156
2019-09-10T00:00:00Z,1.45420358654842
2019-09-11T00:00:00Z,1.46806836150209
2019-09-12T00:00:00Z,1.53815928839403
2019-09-13T00:00:00Z,1.52176877983848
2019-09-14T00:00:00Z,1.51892165788659
2019-09-15T00:00:00Z,1.51249922231417
2019-09-16T00:00:00Z,1.48809832864228
2019-09-17T00:00:00Z,1.47459710521495
2019-09-18T00:00:00Z,1.46098454964485
2019-09-19T00:00:00Z,1.47887298976967
2019-09-20T00:00:00Z,1.44803953510604
2019-09-21T00:00:00Z,1.39507607441762
2019-09-22T00:00:00Z,1.40885307853731
2019-09-23T00:00:00Z,1.29874212029226
2019-09-24T00:00:00Z,0.937113154193793
2019-09-25T00:00:00Z,0.900336312044647
2019-09-26T00:00:00Z,0.786591445098517
2019-09-27T00:00:00Z,0.830361402741859
2019-09-28T00:00:00Z,0.829016806762175
2019-09-29T00:00:00Z,0.784356183480182
2019-09-30T00:00:00Z,0.8442486123027
2019-10-01T00:00:00Z,0.863054763840319
2019-10-02T00:00:00Z,0.879504561401133
2019-10-03T00:00:00Z,0.839715307171424
2019-10-04T00:00:00Z,0.820221206392896
2019-10-05T00:00:00Z,0.804725730482503
2019-10-06T00:00:00Z,0.749148496909939
2019-10-07T00:00:00Z,0.832676117433825
2019-10-08T00:00:00Z,0.826909975753778
2019-10-09T00:00:00Z,0.945524970198069
2019-10-10T00:00:00Z,0.941006370045394
2019-10-11T00:00:00Z,0.856222696444888
2019-10-12T00:00:00Z,0.864462561186698
2019-10-13T00:00:00Z,0.856287616382947
2019-10-14T00:00:00Z,0.863494413862984
2019-10-15T00:00:00Z,0.810924870663782
2019-10-16T00:00:00Z,0.763743130024543
2019-10-17T00:00:00Z,0.778616385544305
2019-10-18T00:00:00Z,0.739315353916006
2019-10-19T00:00:00Z,0.741956218145594
2019-10-20T00:00:00Z,0.814713178178103
2019-10-21T00:00:00Z,0.821434861922951
2019-10-22T00:00:00Z,0.771480843287746
2019-10-23T00:00:00Z,0.589522875285478
2019-10-24T00:00:00Z,0.590324739686769
2019-10-25T00:00:00Z,0.959975360105213
2019-10-26T00:00:00Z,1.15004265464265
2019-10-27T00:00:00Z,1.24525782963943
2019-10-28T00:00:00Z,1.14579985853789
2019-10-29T00:00:00Z,1.195348327456
2019-10-30T00:00:00Z,1.1234330888434
2019-10-31T00:00:00Z,1.11614659925684
2019-11-01T00:00:00Z,1.13216257926188
2019-11-02T00:00:00Z,1.15503061990804
2019-11-03T00:00:00Z,1.1278391361845
2019-11-04T00:00:00Z,1.18192503431367
2019-11-05T00:00:00Z,1.16945929886992
2019-11-06T00:00:00Z,1.16977417247382
2019-11-07T00:00:00Z,1.13857183787903
2019-11-08T00:00:00Z,1.00130910993642
2019-11-09T00:00:00Z,0.993753442564478
2019-11-10T00:00:00Z,1.07107502556224
2019-11-11T00:00:00Z,0.970524738007882
2019-11-12T00:00:00Z,0.990257019677208
2019-11-13T00:00:00Z,0.990624320379091
2019-11-14T00:00:00Z,0.95862125530625
2019-11-15T00:00:00Z,0.884732951129124
2019-11-16T00:00:00Z,0.902575306347148
2019-11-17T00:00:00Z,0.910252431676927
2019-11-18T00:00:00Z,0.828699655409959
2019-11-19T00:00:00Z,0.793754622091132
2019-11-20T00:00:00Z,0.73578046400754
2019-11-21T00:00:00Z,0.615780711503335
2019-11-22T00:00:00Z,0.511391792957509
2019-11-23T00:00:00Z,0.542240530899274
2019-11-24T00:00:00Z,0.438999428009033
2019-11-25T00:00:00Z,0.469519455844823
2019-11-26T00:00:00Z,0.496004897294215
2019-11-27T00:00:00Z,0.59880069436183
2019-11-28T00:00:00Z,0.576186568419107
2019-11-29T00:00:00Z,0.669979675645163
2019-11-30T00:00:00Z,0.603531698714346
2019-12-01T00:00:00Z,0.566539774043146
2019-12-02T00:00:00Z,0.533911455568109
2019-12-03T00:00:00Z,0.535060839365993
2019-12-04T00:00:00Z,0.514522893672404
2019-12-05T00:00:00Z,0.576859254064892
2019-12-06T00:00:00Z,0.60712040187808
2019-12-07T00:00:00Z,0.609308940452604
2019-12-08T00:00:00Z,0.613651503727005
2019-12-09T00:00:00Z,0.561385893359886
2019-12-10T00:00:00Z,0.520122395359967
2019-12-11T00:00:00Z,0.5049878292381
2019-12-12T00:00:00Z,0.513767491246319
2019-12-13T00:00:00Z,0.521801886569125
2019-12-14T00:00:00Z,0.475547970541527
2019-12-15T00:00:00Z,0.487291773542987
2019-12-16T00:00:00Z,0.416935221190061
2019-12-17T00:00:00Z,0.31666949633048
2019-12-18T00:00:00Z,0.528973034978226
2019-12-19T00:00:00Z,0.507151110043117
2019-12-20T00:00:00Z,0.511442126068733
2019-12-21T00:00:00Z,0.502154031236882
2019-12-22T00:00:00Z,0.605087580912386
2019-12-23T00:00:00Z,0.554572340655508
2019-12-24T00:00:00Z,0.539163345684797
2019-12-25T00:00:00Z,0.5334459983157
2019-12-26T00:00:00Z,0.522237826102862
2019-12-27T00:00:00Z,0.538980292822455
2019-12-28T00:00:00Z,0.546669006373725
2019-12-29T00:00:00Z,0.579297016340759
2019-12-30T00:00:00Z,0.542366320307281
2019-12-31T00:00:00Z,0.507514667175683
2020-01-01T00:00:00Z,0.510833158272699
2020-01-02T00:00:00Z,0.443734481617177
2020-01-03T00:00:00Z,0.557551455815369
2020-01-04T00:00:00Z,0.576542478450158
2020-01-05T00:00:00Z,0.577295545104624
2020-01-06T00:00:00Z,0.690912867844417
2020-01-07T00:00:00Z,0.814798915991542
2020-01-08T00:00:00Z,0.786481935933287
2020-01-09T00:00:00Z,0.719385991535478
2020-01-10T00:00:00Z,0.805671635617849
2020-01-11T00:00:00Z,0.767318737108264
2020-01-12T00:00:00Z,0.815948304705544
2020-01-13T00:00:00Z,0.802755361365722
2020-01-14T00:00:00Z,1.0100273475001
2020-01-15T00:00:00Z,1.00307913017512
2020-01-16T00:00:00Z,0.972892697838169
2020-01-17T00:00:00Z,1.03590741879405
2020-01-18T00:00:00Z,1.04147093434207
2020-01-19T00:00:00Z,0.966899495533758
2020-01-20T00:00:00Z,0.950595584982376
2020-01-21T00:00:00Z,0.976921007207776
2020-01-22T00:00:00Z,0.955700757049952
2020-01-23T00:00:00Z,0.863207633164531
2020-01-24T00:00:00Z,0.880024177999563
2020-01-25T00:00:00Z,0.85510113798542
2020-01-26T00:00:00Z,0.926430722502528
2020-01-27T00:00:00Z,1.02737704108109
2020-01-28T00:00:00Z,1.14526254945467
2020-01-29T00:00:00Z,1.15027535632293
2020-01-30T00:00:00Z,1.19597142163944
2020-01-31T00:00:00Z,1.1518574342132
2020-02-01T00:00:00Z,1.16011280689514
2020-02-02T00:00:00Z,1.14687966632476
2020-02-03T00:00:00Z,1.12664803858008
2020-02-04T00:00:00Z,1.09045351602052
2020-02-05T00:00:00Z,1.22363619870178
2020-02-06T00:00:00Z,1.25265627076823
2020-02-07T00:00:00Z,1.26368402727677
2020-02-08T00:00:00Z,1.28721536358181
2020-02-09T00:00:00Z,1.36345842458017
2020-02-10T00:00:00Z,1.27874514034573
2020-02-11T00:00:00Z,1.38250965847322
2020-02-12T00:00:00Z,1.41782033199236
2020-02-13T00:00:00Z,1.3742858737851
2020-02-14T00:00:00Z,1.4020508134955
2020-02-15T00:00:00Z,1.27913637982231
2020-02-16T00:00:00Z,1.26496886366309
2020-02-17T00:00:00Z,1.20753158180817
2020-02-18T00:00:00Z,1.35039764847657
2020-02-19T00:00:00Z,1.19138531181428
2020-02-20T00:00:00Z,1.17955735870804
2020-02-21T00:00:00Z,1.20524558643111
2020-02-22T00:00:00Z,1.19210008022544
2020-02-23T00:00:00Z,1.2709732972123
2020-02-24T00:00:00Z,1.18444110605596
2020-02-25T00:00:00Z,1.08978874530203
2020-02-26T00:00:00Z,0.925776936610258
2020-02-27T00:00:00Z,0.918625975259726
2020-02-28T00:00:00Z,0.887730601742374
2020-02-29T00:00:00Z,0.866368504586668
2020-03-01T00:00:00Z,0.850446252335482
2020-03-02T00:00:00Z,0.938637639186955
2020-03-03T00:00:00Z,0.91831214539549
2020-03-04T00:00:00Z,0.905000992792381
2020-03-05T00:00:00Z,1.00849034390235
2020-03-06T00:00:00Z,1.0198813671181
2020-03-07T00:00:00Z,0.955561011305445
2020-03-08T00:00:00Z,0.717992527223712
2020-03-09T00:00:00Z,0.651681518319546
2020-03-10T00:00:00Z,0.658531069514416
2020-03-11T00:00:00Z,0.660564698298232
2020-03-12T00:00:00Z,-0.260608067801898
2020-03-13T00:00:00Z,0.00396581852765717
2020-03-14T00:00:00Z,-0.149081554240435
2020-03-15T00:00:00Z,-0.0630531682016283
2020-03-16T00:00:00Z,-0.177015326748302
2020-03-17T00:00:00Z,-0.103195946883354
2020-03-18T00:00:00Z,-0.0979881804517056
2020-03-19T00:00:00Z,0.195522836741213
2020-03-20T00:00:00Z,0.185269368030145
2020-03-21T00:00:00Z,0.190332811545626
2020-03-22T00:00:00Z,0.0875343881176447
2020-03-23T00:00:00Z,0.265240908617992
2020-03-24T00:00:00Z,0.357347557742503
2020-03-25T00:00:00Z,0.341256838468483
2020-03-26T00:00:00Z,0.355750977563486
2020-03-27T00:00:00Z,0.279211854600253
2020-03-28T00:00:00Z,0.209643400855307
2020-03-29T00:00:00Z,0.114797709713907
2020-03-30T00:00:00Z,0.276617753860058
2020-03-31T00:00:00Z,0.273727234051967
2020-04-01T00:00:00Z,0.326590543684306
2020-04-02T00:00:00Z,0.389543095163413
2020-04-03T00:00:00Z,0.371136527641963
2020-04-04T00:00:00Z,0.403689958806191
2020-04-05T00:00:00Z,0.389127918083734
2020-04-06T00:00:00Z,0.521913003019416
2020-04-07T00:00:00Z,0.503433520182991
2020-04-08T00:00:00Z,0.552827223996308
2020-04-09T00:00:00Z,0.534580215711467
2020-04-10T00:00:00Z,0.412570327278106
2020-04-11T00:00:00Z,0.410784264309229
2020-04-12T00:00:00Z,0.455783030647973
2020-04-13T00:00:00Z,0.407183096439168
2020-04-14T00:00:00Z,0.407280625368884
2020-04-15T00:00:00Z,0.346667423734173
2020-04-16T00:00:00Z,0.489418073003899
2020-04-17T00:00:00Z,0.486763156456568
2020-04-18T00:00:00Z,0.536029666215124
2020-04-19T00:00:00Z,0.526623637917945
2020-04-20T00:00:00Z,0.420011655380253
2020-04-21T00:00:00Z,0.422866124405068
2020-04-22T00:00:00Z,0.493278877469479
2020-04-23T00:00:00Z,0.588051862946649
2020-04-24T00:00:00Z,0.621946809210599
2020-04-25T00:00:00Z,0.628594957293999
2020-04-26T00:00:00Z,0.662639078714282
2020-04-27T00:00:00Z,0.694356898653652
2020-04-28T00:00:00Z,0.697549523056152
2020-04-29T00:00:00Z,0.994500781794236
2020-04-30T00:00:00Z,0.951373011339881
2020-05-01T00:00:00Z,1.00074612945241
2020-05-02T00:00:00Z,1.04000366996531
2020-05-03T00:00:00Z,1.00893832259456
2020-05-04T00:00:00Z,1.01260187277107
2020-05-05T00:00:00Z,1.03342531113412
2020-05-06T00:00:00Z,1.12667512554232
2020-05-07T00:00:00Z,1.32549171354849
2020-05-08T00:00:00Z,1.28487445256883
2020-05-09T00:00:00Z,1.19871764616794
2020-05-10T00:00:00Z,0.943905050469149
2020-05-11T00:00:00Z,0.895083600201083
2020-05-12T00:00:00Z,0.957208313724368
2020-05-13T00:00:00Z,1.10026168676323
2020-05-14T00:00:00Z,1.24940950440107
2020-05-15T00:00:00Z,1.11057856194665
2020-05-16T00:00:00Z,1.12952917823866
2020-05-17T00:00:00Z,1.2136878723306
2020-05-18T00:00:00Z,1.22809918279876
2020-05-19T00:00:00Z,1.22041163472108
2020-05-20T00:00:00Z,1.16043107794564
2020-05-21T00:00:00Z,1.02640184720196
2020-05-22T00:00:00Z,1.05519206609875
2020-05-23T00:00:00Z,1.06372709962042
2020-05-24T00:00:00Z,1.01402541161653
2020-05-25T00:00:00Z,0.976912334938547
2020-05-26T00:00:00Z,0.949199166248942
2020-05-27T00:00:00Z,1.03520453167671
2020-05-28T00:00:00Z,1.16198451182063
2020-05-29T00:00:00Z,1.13116807578314
2020-05-30T00:00:00Z,1.20891276150291
2020-05-31T00:00:00Z,1.12736279242589
2020-06-01T00:00:00Z,1.34778434005928
2020-06-02T00:00:00Z,1.14805047047231
2020-06-03T00:00:00Z,1.1834475428505
2020-06-04T00:00:00Z,1.22950263771165
2020-06-05T00:00:00Z,1.18924201603511
2020-06-06T00:00:00Z,1.18012528897608
2020-06-07T00:00:00Z,1.21201824797333
2020-06-08T00:00:00Z,1.21201977361702
2020-06-09T00:00:00Z,1.2172913819775
2020-06-10T00:00:00Z,1.23906127766123
2020-06-11T00:00:00Z,1.07293934929461
2020-06-12T00:00:00Z,1.11974430696216
2020-06-13T00:00:00Z,1.11729590384856
2020-06-14T00:00:00Z,1.08941378430549
2020-06-15T00:00:00Z,1.10990708628773
2020-06-16T00:00:00Z,1.129233492489
2020-06-17T00:00:00Z,1.11112239031229
2020-06-18T00:00:00Z,1.0829699165032
2020-06-19T00:00:00Z,1.05815405551281
2020-06-20T00:00:00Z,1.06539009459818
2020-06-21T00:00:00Z,1.05506800661634
2020-06-22T00:00:00Z,1.15756761665984
2020-06-23T00:00:00Z,1.14957207669503
2020-06-24T00:00:00Z,1.05543231706525
2020-06-25T00:00:00Z,1.04009117883878
2020-06-26T00:00:00Z,1.00450681325619
2020-06-27T00:00:00Z,0.969416447434064
2020-06-28T00:00:00Z,0.995216604259767
2020-06-29T00:00:00Z,1.00743976041987
2020-06-30T00:00:00Z,1.00594175003706
2020-07-01T00:00:00Z,1.02102008961855
2020-07-02T00:00:00Z,0.98893956287886
2020-07-03T00:00:00Z,0.968564185453276
2020-07-04T00:00:00Z,0.985909739139303
2020-07-05T00:00:00Z,0.973397552219641
2020-07-06T00:00:00Z,1.04965686119186
2020-07-07T00:00:00Z,1.02384102113001
2020-07-08T00:00:00Z,1.07056167857335
2020-07-09T00:00:00Z,1.02929010904583
2020-07-10T00:00:00Z,1.02512763979934
2020-07-11T00:00:00Z,1.01536256894143
2020-07-12T00:00:00Z,1.02479963810486
2020-07-13T00:00:00Z,1.01464535664947
2020-07-14T00:00:00Z,1.01435761627324
2020-07-15T00:00:00Z,0.997614477399386
2020-07-16T00:00:00Z,0.980022875419915
2020-07-17T00:00:00Z,0.983525269947937
2020-07-18T00:00:00Z,0.988389973399426
2020-07-19T00:00:00Z,0.995862791991565
2020-07-20T00:00:00Z,0.983167265138836
2020-07-21T00:00:00Z,1.04825889797507
2020-07-22T00:00:00Z,1.09140661134193
2020-07-23T00:00:00Z,1.10591959113065
2020-07-24T00:00:00Z,1.09196546882737
2020-07-25T00:00:00Z,1.13210214753179
2020-07-26T00:00:00Z,1.19752245345736
2020-07-27T00:00:00Z,1.5237727842319
2020-07-28T00:00:00Z,1.48777629140311
2020-07-29T00:00:00Z,1.53669947844208
2020-07-30T00:00:00Z,1.54328114975021
2020-07-31T00:00:00Z,1.59287589924042
2020-08-01T00:00:00Z,1.72004861740508
2020-08-02T00:00:00Z,1.5079578996109
2020-08-03T00:00:00Z,1.55565207807544
2020-08-04T00:00:00Z,1.54222079917384
2020-08-05T00:00:00Z,1.68267034647959
2020-08-06T00:00:00Z,1.69797344262726
2020-08-07T00:00:00Z,1.63301979296325
2020-08-08T00:00:00Z,1.67657621103868
2020-08-09T00:00:00Z,1.65320004585029
2020-08-10T00:00:00Z,1.70361085737773
2020-08-11T00:00:00Z,1.56622532021771
2020-08-12T00:00:00Z,1.61011832752751
2020-08-13T00:00:00Z,1.67139050482801
2020-08-14T00:00:00Z,1.66001604313835
2020-08-15T00:00:00Z,1.68316892619403
2020-08-16T00:00:00Z,1.68762836082543
2020-08-17T00:00:00Z,1.78690940257454
2020-08-18T00:00:00Z,1.70681327437654
2020-08-19T00:00:00Z,1.63500599054608
2020-08-20T00:00:00Z,1.67045069045521
2020-08-21T00:00:00Z,1.58331216283849
2020-08-22T00:00:00Z,1.60700523449373
2020-08-23T00:00:00Z,1.60098478086792
2020-08-24T00:00:00Z,1.63248878738352
2020-08-25T00:00:00Z,1.51223629159603
2020-08-26T00:00:00Z,1.54148291067024
2020-08-27T00:00:00Z,1.49191273892508
2020-08-28T00:00:00Z,1.55010198476567
2020-08-29T00:00:00Z,1.54200954929832
2020-08-30T00:00:00Z,1.59797707199215
2020-08-31T00:00:00Z,1.58657090820761
2020-09-01T00:00:00Z,1.67447112280048
2020-09-02T00:00:00Z,1.50505914824327
2020-09-03T00:00:00Z,1.21098713073019
2020-09-04T00:00:00Z,1.23998847287602
2020-09-05T00:00:00Z,1.14038313962622
2020-09-06T00:00:00Z,1.17246401669906
2020-09-07T00:00:00Z,1.19929168574759
2020-09-08T00:00:00Z,1.13057833237962
2020-09-09T00:00:00Z,1.16384942557733
2020-09-10T00:00:00Z,1.19622742943252
2020-09-11T00:00:00Z,1.20808765843665
2020-09-12T00:00:00Z,1.21728588197051
2020-09-13T00:00:00Z,1.18353833310438
2020-09-14T00:00:00Z,1.2844839033841
2020-09-15T00:00:00Z,1.31231993900843
2020-09-16T00:00:00Z,1.36364816871498
2020-09-17T00:00:00Z,1.35431902980977
2020-09-18T00:00:00Z,1.34121428091744
2020-09-19T00:00:00Z,1.39126842308604
2020-09-20T00:00:00Z,1.34139077568884
2020-09-21T00:00:00Z,1.21526522893001
2020-09-22T00:00:00Z,1.22860365103303
2020-09-23T00:00:00Z,1.14012160737637
2020-09-24T00:00:00Z,1.29119714302411
2020-09-25T00:00:00Z,1.27304331996632
2020-09-26T00:00:00Z,1.2862910808814
2020-09-27T00:00:00Z,1.28588365691252
2020-09-28T00:00:00Z,1.2940250892366
2020-09-29T00:00:00Z,1.30859443132516
2020-09-30T00:00:00Z,1.29001972546653
2020-10-01T00:00:00Z,1.23914750303638
2020-10-02T00:00:00Z,1.22571296572013
2020-10-03T00:00:00Z,1.21920893279901
2020-10-04T00:00:00Z,1.25088808359436
2020-10-05T00:00:00Z,1.28291736265812
2020-10-06T00:00:00Z,1.23126459560474
2020-10-07T00:00:00Z,1.24688993833982
2020-10-08T00:00:00Z,1.31002214333959
2020-10-09T00:00:00Z,1.35563283269768
2020-10-10T00:00:00Z,1.41925591830296
2020-10-11T00:00:00Z,1.44249667638633
2020-10-12T00:00:00Z,1.49069556304099
2020-10-13T00:00:00Z,1.44926136480105
2020-10-14T00:00:00Z,1.43955482697423
2020-10-15T00:00:00Z,1.463454643146
2020-10-16T00:00:00Z,1.41789149504326
2020-10-17T00:00:00Z,1.42082605373862
2020-10-18T00:00:00Z,1.4520474858632
2020-10-19T00:00:00Z,1.5196603840954
2020-10-20T00:00:00Z,1.56745667787442
2020-10-21T00:00:00Z,1.80885766694057
2020-10-22T00:00:00Z,1.84354615333574
2020-10-23T00:00:00Z,1.82242123587522
2020-10-24T00:00:00Z,1.86547050133103
2020-10-25T00:00:00Z,1.84094447286845
2020-10-26T00:00:00Z,1.85351268419507
2020-10-27T00:00:00Z,2.00271340310134
2020-10-28T00:00:00Z,1.89491675136294
2020-10-29T00:00:00Z,1.93864419971679
2020-10-30T00:00:00Z,1.97976685234283
2020-10-31T00:00:00Z,2.02904263064621
2020-11-01T00:00:00Z,1.99815654026052
2020-11-02T00:00:00Z,1.94917205249752
2020-11-03T00:00:00Z,2.02043123843865
2020-11-04T00:00:00Z,2.05846550525227
2020-11-05T00:00:00Z,2.4469811693741
2020-11-06T00:00:00Z,2.43706324026502
2020-11-07T00:00:00Z,2.24957297682503
2020-11-08T00:00:00Z,2.40425880096198
2020-11-09T00:00:00Z,2.35287970088433
2020-11-10T00:00:00Z,2.3322602963477
2020-11-11T00:00:00Z,2.43774160672649
2020-11-12T00:00:00Z,2.58680431028866
2020-11-13T00:00:00Z,2.58786836675332
2020-11-14T00:00:00Z,2.51719178604865
2020-11-15T00:00:00Z,2.48374447775601
2020-11-16T00:00:00Z,2.67720116277855
2020-11-17T00:00:00Z,2.913313329751
2020-11-18T00:00:00Z,2.92918018177992
2020-11-19T00:00:00Z,2.9139074763876
2020-11-20T00:00:00Z,3.11281971846986
2020-11-21T00:00:00Z,3.10701141940156
2020-11-22T00:00:00Z,3.04288862808382
2020-11-23T00:00:00Z,2.98876921189626
2020-11-24T00:00:00Z,3.1751650801945
2020-11-25T00:00:00Z,3.07593899763068
2020-11-26T00:00:00Z,2.6318367860637
2020-11-27T00:00:00Z,2.61294603225855
2020-11-28T00:00:00Z,2.76582331837848
2020-11-29T00:00:00Z,2.87424808847465
2020-11-30T00:00:00Z,3.26752846725243
2020-12-01T00:00:00Z,3.02406137930264
2020-12-02T00:00:00Z,3.09412387210135
2020-12-03T00:00:00Z,3.15118734726735
2020-12-04T00:00:00Z,2.95839941867224
2020-12-05T00:00:00Z,3.05043888292988
2020-12-06T00:00:00Z,3.09005998532393
2020-12-07T00:00:00Z,3.0466649895779
2020-12-08T00:00:00Z,2.80721182865068
2020-12-09T00:00:00Z,2.86076713080568
2020-12-10T00:00:00Z,2.77245749732915
2020-12-11T00:00:00Z,2.71031468190833
2020-12-12T00:00:00Z,2.89638276327396
2020-12-13T00:00:00Z,2.96106513019708
2020-12-14T00:00:00Z,2.97582630231647
2020-12-15T00:00:00Z,3.00816891490526
2020-12-16T00:00:00Z,3.48266780863745
2020-12-17T00:00:00Z,3.80856644746141
2020-12-18T00:00:00Z,3.81473496397813
2020-12-19T00:00:00Z,4.01663525223145
2020-12-20T00:00:00Z,3.90076684140035
2020-12-21T00:00:00Z,3.72585777610908
2020-12-22T00:00:00Z,3.91191733944649
2020-12-23T00:00:00Z,3.78150234612852
2020-12-24T00:00:00Z,3.83878482899606
2020-12-25T00:00:00Z,4.07141047467902
2020-12-26T00:00:00Z,4.46898636553907
2020-12-27T00:00:00Z,4.42280232193021
2020-12-28T00:00:00Z,4.52618509876858
2020-12-29T00:00:00Z,4.53474333633586
2020-12-30T00:00:00Z,4.86977221406617
2020-12-31T00:00:00Z,4.85529425310955
2021-01-01T00:00:00Z,4.89699052844257
2021-01-02T00:00:00Z,5.48280534486088
2021-01-03T00:00:00Z,5.72147887498572
2021-01-04T00:00:00Z,5.31372655935591
2021-01-05T00:00:00Z,5.72377209879489
2021-01-06T00:00:00Z,6.2049857254295
2021-01-07T00:00:00Z,6.76704435927498
2021-01-08T00:00:00Z,7.01169840233618
2021-01-09T00:00:00Z,6.83785516469137
2021-01-10T00:00:00Z,6.29151441124561
2021-01-11T00:00:00Z,5.50053754284778
2021-01-12T00:00:00Z,5.13302452247584
2021-01-13T00:00:00Z,5.87035491119489
2021-01-14T00:00:00Z,6.2349903058374
2021-01-15T00:00:00Z,5.57740634264221
2021-01-16T00:00:00Z,5.50045167179115
2021-01-17T00:00:00Z,5.36649381377237
2021-01-18T00:00:00Z,5.51095027257764
2021-01-19T00:00:00Z,5.37409609996871
2021-01-20T00:00:00Z,5.19593288795532
2021-01-21T00:00:00Z,4.22291889991397
2021-01-22T00:00:00Z,4.56653947768718
2021-01-23T00:00:00Z,4.36018892906448
2021-01-24T00:00:00Z,4.39067539967895
2021-01-25T00:00:00Z,4.40408268165554
2021-01-26T00:00:00Z,4.41237529635304
2021-01-27T00:00:00Z,3.9266134891954
2021-01-28T00:00:00Z,4.54610042352345
2021-01-29T00:00:00Z,4.66387596230528
2021-01-30T00:00:00Z,4.6284348567027
2021-01-31T00:00:00Z,4.3616469108995
2021-02-01T00:00:00Z,4.43459453236196
2021-02-02T00:00:00Z,4.80421586940432
2021-02-03T00:00:00Z,5.1602854856425
2021-02-04T00:00:00Z,5.01605245752881
2021-02-05T00:00:00Z,5.14042729445239
2021-02-06T00:00:00Z,5.3807011951701
2021-02-07T00:00:00Z,5.26546345907992
2021-02-08T00:00:00Z,6.56155551298783
2021-02-09T00:00:00Z,6.59291874789201
2021-02-10T00:00:00Z,6.24870008073448
2021-02-11T00:00:00Z,6.69035109283966
2021-02-12T00:00:00Z,6.54753294972695
2021-02-13T00:00:00Z,6.43224370642545
2021-02-14T00:00:00Z,6.74243965022486
2021-02-15T00:00:00Z,6.45076641683322
2021-02-16T00:00:00Z,6.61316481429537
2021-02-17T00:00:00Z,7.09106535094702
2021-02-18T00:00:00Z,6.89750734683106
2021-02-19T00:00:00Z,7.53395797654125
2021-02-20T00:00:00Z,7.48769232939981
2021-02-21T00:00:00Z,7.63049319741422
2021-02-22T00:00:00Z,6.90712357687138
2021-02-23T00:00:00Z,5.91840667230556
2021-02-24T00:00:00Z,6.0425604927565
2021-02-25T00:00:00Z,5.55977815999295
2021-02-26T00:00:00Z,5.34222723825585
2021-02-27T00:00:00Z,5.28700304776665
2021-02-28T00:00:00Z,5.09127212385186
2021-03-01T00:00:00Z,5.83559714668574
2021-03-02T00:00:00Z,5.55780889070731
2021-03-03T00:00:00Z,5.89084573204748
2021-03-04T00:00:00Z,5.49034462082311
2021-03-05T00:00:00Z,5.51650506121448
2021-03-06T00:00:00Z,5.51014427941376
2021-03-07T00:00:00Z,5.82258524044952
2021-03-08T00:00:00Z,5.9353522899171
2021-03-09T00:00:00Z,6.25665131633112
2021-03-10T00:00:00Z,6.42366870945219
2021-03-11T00:00:00Z,6.65417803282708
2021-03-12T00:00:00Z,6.48413507530683
2021-03-13T00:00:00Z,7.00480395472354
2021-03-14T00:00:00Z,6.75714744868566
2021-03-15T00:00:00Z,6.04595008067774
2021-03-16T00:00:00Z,6.05608024184462
2021-03-17T00:00:00Z,6.37551859907772
