Timestamp,total-bitcoins
2009-01-03 17:15:05,50
2009-01-14 09:09:42,21950
2009-01-18 03:44:10,43850
2009-01-22 05:56:59,65750
2009-01-25 08:27:01,87650
2009-01-29 04:42:00,109550
2009-02-01 17:26:51,131550
2009-02-05 03:34:28,153450
2009-02-08 14:22:01,175350
2009-02-12 00:33:22,197250
2009-02-15 11:09:14,219200
2009-02-19 02:26:55,241100
2009-02-22 18:11:59,263000
2009-02-26 20:37:04,284900
2009-03-02 22:35:55,306800
2009-03-06 23:47:24,329000
2009-03-11 02:37:18,351400
2009-03-14 23:43:11,373400
2009-03-18 17:30:32,395350
2009-03-22 23:47:59,417500
2009-03-26 19:04:41,439550
2009-03-30 13:41:18,461550
2009-04-03 21:18:59,486050
2009-04-07 17:35:50,508050
2009-04-11 19:52:04,530100
2009-04-15 14:27:35,552100
2009-04-19 07:04:32,574150
2009-04-22 22:40:50,596150
2009-04-27 04:30:41,618550
2009-04-30 20:03:38,640600
2009-05-04 14:34:15,663100
2009-05-08 02:59:20,686000
2009-05-12 13:02:18,708250
2009-05-16 00:17:56,730700
2009-05-20 01:56:12,753400
2009-05-25 16:02:53,776200
2009-05-29 17:52:27,799250
2009-06-03 07:17:27,821350
2009-06-11 01:58:38,843700
2009-06-16 15:38:20,865950
2009-06-22 05:31:58,888250
2009-06-27 22:04:23,911550
2009-07-03 20:26:42,933950
2009-07-09 10:19:58,956000
2009-07-15 13:53:18,978900
2009-07-23 12:07:54,1002150
2009-08-04 16:41:27,1024500
2009-08-09 21:48:34,1047600
2009-08-20 00:02:27,1070250
2009-08-31 01:28:26,1093000
2009-09-06 10:42:44,1115800
2009-09-13 03:35:44,1138500
2009-09-19 14:05:17,1161400
2009-09-26 04:45:24,1183450
2009-10-01 15:17:43,1207300
2009-10-09 03:34:16,1230400
2009-10-15 23:15:27,1253750
2009-10-21 11:18:04,1276000
2009-10-27 10:59:12,1298400
2009-11-04 22:34:48,1320350
2009-11-11 12:36:42,1342250
2009-11-16 19:13:18,1364150
2009-11-22 04:00:02,1386100
2009-11-26 22:46:35,1408100
2009-12-02 21:16:49,1430250
2009-12-08 06:42:09,1452250
2009-12-12 10:57:17,1474150
2009-12-16 10:37:47,1496050
2009-12-18 20:08:50,1518100
2009-12-21 03:16:05,1540100
2009-12-23 19:28:20,1562050
2009-12-26 16:11:45,1584000
2009-12-29 11:37:29,1606650
2010-01-01 19:01:37,1630100
2010-01-04 18:24:29,1653800
2010-01-07 05:51:21,1675750
2010-01-10 02:00:01,1697750
2010-01-12 15:57:13,1719850
2010-01-15 14:30:03,1741900
2010-01-18 23:46:45,1763800
2010-01-21 21:02:52,1785850
2010-01-24 20:53:46,1807750
2010-01-27 01:16:25,1829800
2010-01-29 12:56:47,1851850
2010-01-31 20:05:24,1873950
2010-02-03 08:22:56,1896100
2010-02-05 03:38:42,1918300
2010-02-07 08:52:42,1940500
2010-02-09 09:20:07,1962500
2010-02-11 22:13:20,1984600
2010-02-14 00:28:53,2006650
2010-02-16 09:09:30,2028700
2010-02-18 09:28:51,2050900
2010-02-20 13:31:49,2073300
2010-02-22 12:30:12,2095300
2010-02-24 10:29:24,2117650
2010-02-27 02:59:59,2139850
2010-03-01 16:12:24,2161850
2010-03-04 04:49:38,2183950
2010-03-06 16:49:30,2206200
2010-03-09 13:29:20,2228250
2010-03-12 18:05:00,2250150
2010-03-16 00:29:13,2272350
2010-03-19 07:38:52,2294500
2010-03-21 19:03:41,2316600
2010-03-24 02:27:09,2338750
2010-03-26 12:22:28,2360700
2010-03-28 21:30:56,2382850
2010-03-31 06:28:24,2407450
2010-04-02 20:42:48,2430000
2010-04-05 13:34:57,2452100
2010-04-08 03:25:15,2474300
2010-04-10 08:20:25,2496550
2010-04-12 06:20:51,2518950
2010-04-14 15:13:03,2541100
2010-04-16 18:55:22,2563300
2010-04-18 16:48:32,2585800
2010-04-20 19:45:04,2608150
2010-04-23 04:27:36,2630550
2010-04-25 22:35:10,2652750
2010-04-28 12:38:08,2674950
2010-05-01 09:13:00,2697250
2010-05-04 04:25:48,2719900
2010-05-07 08:16:09,2742050
2010-05-10 11:16:30,2764450
2010-05-14 04:02:03,2786750
2010-05-17 23:46:50,2809350
2010-05-20 14:05:44,2831800
2010-05-22 23:21:54,2854500
2010-05-25 05:43:37,2876900
2010-05-27 08:32:53,2899700
2010-05-29 11:27:40,2922050
2010-06-01 13:33:08,2944450
2010-06-04 16:37:07,2966850
2010-06-07 17:51:01,2989300
2010-06-10 11:44:41,3011950
2010-06-13 09:31:28,3034300
2010-06-16 01:48:00,3057100
2010-06-19 02:10:45,3079350
2010-06-21 20:44:02,3102050
2010-06-24 12:06:55,3124700
2010-06-27 09:52:21,3147200
2010-06-30 02:37:45,3169700
2010-07-02 10:23:07,3192650
2010-07-04 20:24:32,3215000
2010-07-07 13:31:25,3237600
2010-07-10 03:44:12,3259950
2010-07-12 06:51:28,3282600
2010-07-12 23:43:18,3309900
2010-07-13 15:26:44,3334600
2010-07-14 10:58:12,3357800
2010-07-15 06:27:20,3381750
2010-07-15 23:50:20,3404850
2010-07-16 17:31:43,3427550
2010-07-19 05:20:48,3449800
2010-07-21 14:59:50,3472200
2010-07-24 01:29:24,3494800
2010-07-26 04:52:20,3517200
2010-07-28 13:03:25,3539950
2010-07-31 02:21:17,3562250
2010-08-02 01:04:26,3584250
2010-08-03 22:03:00,3606400
2010-08-05 19:26:50,3628650
2010-08-08 12:38:54,3650600
2010-08-10 19:28:35,3673050
2010-08-12 19:57:25,3695100
2010-08-14 16:16:03,3717150
2010-08-16 22:58:36,3739150
2010-08-20 05:54:46,3761200
2010-08-22 12:30:04,3783150
2010-08-24 14:38:50,3805150
2010-08-26 15:46:56,3827250
2010-08-29 04:31:30,3849650
2010-08-31 21:09:52,3871700
2010-09-03 16:24:03,3893800
2010-09-06 05:37:24,3915800
2010-09-09 01:02:54,3938150
2010-09-11 21:45:32,3960300
2010-09-14 07:13:47,3982250
2010-09-16 15:21:20,4004150
2010-09-18 15:14:32,4026350
2010-09-20 16:26:48,4048400
2010-09-23 04:49:30,4070400
2010-09-25 01:47:15,4092400
2010-09-27 04:37:30,4114350
2010-09-29 06:38:17,4136800
2010-10-02 03:30:53,4158750
2010-10-05 16:54:36,4180850
2010-10-08 11:27:50,4202850
2010-10-11 03:26:07,4224850
2010-10-13 20:42:55,4247050
2010-10-16 03:53:33,4269150
2010-10-17 18:43:27,4291350
2010-10-19 14:28:33,4313650
2010-10-21 09:08:13,4336050
2010-10-24 01:58:18,4358550
2010-10-26 04:56:49,4380700
2010-10-28 04:32:47,4402850
2010-10-30 04:05:32,4424950
2010-11-01 07:21:49,4447200
2010-11-03 16:32:12,4469250
2010-11-05 20:21:30,4491550
2010-11-07 18:39:35,4513650
2010-11-09 10:24:42,4535700
2010-11-11 13:07:20,4557650
2010-11-13 19:23:27,4579900
2010-11-15 19:07:07,4602450
2010-11-17 20:18:37,4624900
2010-11-20 03:37:34,4647150
2010-11-23 05:47:16,4669400
2010-11-25 20:40:49,4691450
2010-11-28 07:31:53,4713650
2010-11-30 12:23:49,4736050
2010-12-02 21:29:58,4758200
2010-12-05 00:16:29,4780550
2010-12-06 20:40:13,4802850
2010-12-08 18:18:59,4825100
2010-12-11 01:55:39,4847150
2010-12-13 18:00:14,4869450
2010-12-16 08:34:12,4892300
2010-12-19 01:53:45,4914600
2010-12-21 12:09:55,4936800
2010-12-24 09:31:53,4959250
2010-12-27 06:25:09,4981200
2010-12-29 22:07:09,5003550
2011-01-01 12:32:24,5025650
2011-01-04 05:03:02,5047800
2011-01-07 04:42:30,5069850
2011-01-09 20:28:55,5091850
2011-01-12 12:41:04,5114150
2011-01-14 23:00:43,5136300
2011-01-17 14:20:31,5158450
2011-01-20 07:53:24,5180800
2011-01-22 20:46:53,5203000
2011-01-25 10:46:17,5225000
2011-01-28 00:17:14,5247050
2011-01-30 18:35:20,5269100
2011-02-02 11:53:51,5291100
2011-02-05 01:18:46,5313500
2011-02-07 11:58:23,5335450
2011-02-09 21:00:36,5357550
2011-02-12 04:09:51,5379550
2011-02-14 11:34:09,5401550
2011-02-16 13:04:19,5423550
2011-02-18 10:03:00,5445750
2011-02-20 19:06:51,5467850
2011-02-22 23:28:43,5490000
2011-02-24 22:40:06,5512000
2011-02-26 17:51:09,5533900
2011-02-28 18:46:42,5555900
2011-03-03 13:15:45,5577950
2011-03-05 13:08:21,5599850
2011-03-07 03:16:17,5621850
2011-03-09 11:01:29,5643950
2011-03-12 21:16:30,5666050
2011-03-16 13:52:59,5688100
2011-03-20 04:19:23,5710200
2011-03-23 08:21:01,5732200
2011-03-26 03:30:44,5754400
2011-03-29 01:26:07,5776550
2011-03-31 15:08:36,5798450
2011-04-03 04:18:05,5821050
2011-04-05 14:40:19,5843900
2011-04-08 12:10:33,5866000
2011-04-11 04:17:00,5888100
2011-04-13 16:50:34,5910100
2011-04-16 12:03:32,5932150
2011-04-19 07:37:27,5954250
2011-04-22 03:09:59,5976150
2011-04-24 18:01:25,5998100
2011-04-27 01:15:33,6020100
2011-04-29 11:17:09,6042000
2011-05-01 18:27:52,6064050
2011-05-04 02:18:43,6086050
2011-05-06 04:52:23,6108050
2011-05-08 06:18:48,6130050
2011-05-10 05:53:56,6152250
2011-05-12 15:48:41,6174300
2011-05-14 15:55:10,6196250
2011-05-16 14:40:17,6218200
2011-05-18 07:03:32,6240150
2011-05-20 06:12:15,6262150
2011-05-22 05:28:00,6284200
2011-05-23 21:15:52,6306200
2011-05-25 08:37:46,6328200
2011-05-26 18:24:03,6350150
2011-05-29 09:04:30,6372150
2011-06-01 02:22:29,6394200
2011-06-03 08:01:41,6416150
2011-06-05 10:58:08,6438100
2011-06-07 13:24:44,6460050
2011-06-09 18:39:21,6482000
2011-06-11 16:47:52,6503900
2011-06-13 13:13:40,6525900
2011-06-15 07:33:01,6547800
2011-06-17 08:09:52,6569750
2011-06-19 11:52:21,6591650
2011-06-21 09:50:02,6613550
2011-06-23 03:47:27,6635750
2011-06-25 02:41:14,6657650
2011-06-27 22:26:00,6679550
2011-06-30 13:15:30,6701450
2011-07-03 00:34:23,6723450
2011-07-05 18:23:23,6745350
2011-07-08 18:34:16,6767250
2011-07-11 15:00:08,6789150
2011-07-14 10:21:35,6811100
2011-07-17 04:28:51,6833100
2011-07-19 21:56:05,6855050
2011-07-22 21:02:11,6876950
2011-07-25 14:41:46,6898900
2011-07-28 03:40:12,6920900
2011-07-30 23:48:19,6943000
2011-08-02 14:38:39,6965100
2011-08-05 17:50:29,6987350
2011-08-09 04:45:07,7009650
2011-08-12 08:36:41,7032300
2011-08-15 17:35:21,7054700
2011-08-18 22:12:27,7077150
2011-08-22 00:25:10,7100000
2011-08-25 00:30:56,7122600
2011-08-28 08:20:52,7144750
2011-08-31 11:51:20,7166850
2011-09-03 14:54:08,7189150
2011-09-06 17:24:10,7211400
2011-09-09 21:13:13,7234050
2011-09-13 06:00:41,7256500
2011-09-16 12:04:49,7279400
2011-09-19 18:20:26,7301850
2011-09-22 18:59:46,7324000
2011-09-26 05:27:21,7346500
2011-09-29 11:07:02,7368550
2011-10-02 22:14:36,7390900
2011-10-06 06:27:42,7413350
2011-10-09 20:34:33,7436100
2011-10-13 23:12:32,7458500
2011-10-17 09:04:31,7480800
2011-10-21 01:06:15,7503150
2011-10-24 22:38:05,7525250
2011-10-28 20:44:06,7547300
2011-11-01 11:43:22,7569400
2011-11-04 13:56:44,7591400
2011-11-07 17:09:15,7614200
2011-11-10 20:52:56,7637800
2011-11-14 05:15:35,7660700
2011-11-17 05:59:59,7682750
2011-11-20 14:29:29,7704900
2011-11-24 01:45:22,7727950
2011-11-27 19:04:32,7750150
2011-12-01 01:27:49,7773400
2011-12-04 03:38:23,7797800
2011-12-07 06:35:07,7822150
2011-12-10 07:02:04,7844800
2011-12-13 13:27:52,7867250
2011-12-17 00:46:36,7889700
2011-12-20 02:13:49,7912800
2011-12-23 08:03:40,7936250
2011-12-26 07:17:23,7959700
2011-12-29 07:22:49,7983450
2012-01-01 12:59:00,8006400
2012-01-04 13:37:46,8029800
2012-01-07 09:57:47,8052800
2012-01-10 07:02:16,8076300
2012-01-13 12:04:40,8099750
2012-01-16 16:36:20,8124250
2012-01-19 21:08:42,8147550
2012-01-22 21:08:42,8170000
2012-01-26 01:46:48,8194100
2012-01-29 06:13:41,8216950
2012-02-01 01:24:58,8239900
2012-02-04 01:19:53,8262700
2012-02-07 02:13:46,8285250
2012-02-10 06:09:01,8307850
2012-02-13 06:45:03,8330550
2012-02-16 15:35:56,8352950
2012-02-19 12:26:14,8375850
2012-02-22 15:13:55,8398300
2012-02-25 11:31:29,8421100
2012-02-28 12:33:39,8444450
2012-03-02 07:59:54,8467450
2012-03-05 20:16:15,8489750
2012-03-08 22:37:40,8513050
2012-03-11 23:43:23,8536400
2012-03-15 03:05:14,8560200
2012-03-18 04:01:31,8583050
2012-03-21 05:26:10,8606850
2012-03-24 08:55:09,8630500
2012-03-27 07:29:28,8654250
2012-03-30 11:46:35,8677950
2012-04-02 17:00:03,8701400
2012-04-06 07:07:47,8724450
2012-04-09 14:14:27,8747700
2012-04-12 23:25:52,8771200
2012-04-16 13:50:28,8794250
2012-04-19 19:07:41,8816850
2012-04-23 01:06:58,8841550
2012-04-26 12:33:12,8865150
2012-04-29 15:58:02,8888800
2012-05-02 08:53:50,8911950
2012-05-05 06:20:20,8934700
2012-05-08 00:23:02,8957800
2012-05-10 23:12:34,8981250
2012-05-14 07:53:39,9004100
2012-05-17 23:35:48,9026950
2012-05-21 02:04:47,9049200
2012-05-24 17:57:03,9071850
2012-05-27 23:56:02,9094600
2012-05-31 08:15:37,9117550
2012-06-03 10:15:13,9140700
2012-06-06 12:11:58,9163850
2012-06-09 14:33:21,9187000
2012-06-12 15:16:34,9210250
2012-06-15 15:49:16,9233650
2012-06-18 15:49:43,9257600
2012-06-21 20:32:25,9281400
2012-06-24 22:22:02,9303800
2012-06-27 21:28:50,9326900
2012-07-01 04:04:45,9349550
2012-07-04 05:36:37,9372800
2012-07-07 07:02:07,9395750
2012-07-10 06:42:21,9419300
2012-07-13 10:46:55,9442600
2012-07-16 12:54:36,9466700
2012-07-19 12:59:54,9489900
2012-07-22 17:41:31,9512750
2012-07-25 19:32:10,9536700
2012-07-28 14:25:59,9560800
2012-07-31 19:25:52,9585750
2012-08-03 22:54:07,9609700
2012-08-07 04:02:23,9632950
2012-08-09 22:18:57,9656150
2012-08-12 21:43:16,9680050
2012-08-15 19:28:57,9703500
2012-08-19 00:31:36,9727300
2012-08-21 17:14:34,9751300
2012-08-24 15:41:01,9774600
2012-08-27 19:22:56,9798400
2012-08-30 19:44:21,9822300
2012-09-02 22:36:00,9846450
2012-09-05 20:37:13,9870500
2012-09-08 19:18:17,9894400
2012-09-11 22:55:05,9918100
2012-09-15 08:21:35,9942850
2012-09-18 09:04:58,9967700
2012-09-21 13:03:09,9992100
2012-09-24 14:57:37,10016600
2012-09-27 21:19:10,10040450
2012-10-01 01:52:49,10066100
2012-10-04 17:11:55,10090750
2012-10-08 06:03:57,10115600
2012-10-11 09:39:16,10139700
2012-10-14 18:09:20,10163550
2012-10-17 22:41:45,10187900
2012-10-21 03:35:27,10212350
2012-10-24 08:30:19,10236350
2012-10-27 11:58:31,10261500
2012-10-30 15:30:24,10286150
2012-11-03 02:28:29,10310800
2012-11-06 11:03:04,10335900
2012-11-09 14:31:24,10360150
2012-11-12 23:47:15,10384450
2012-11-16 09:01:53,10408150
2012-11-19 19:10:55,10432150
2012-11-23 02:54:18,10457050
2012-11-26 03:30:23,10480600
2012-11-29 04:17:36,10502425
2012-12-02 10:17:23,10514475
2012-12-06 03:42:54,10526650
2012-12-09 16:49:54,10538475
2012-12-13 05:09:50,10550675
2012-12-17 04:28:41,10561950
2012-12-20 16:50:40,10573250
2012-12-24 05:31:50,10585000
2012-12-27 13:45:55,10596650
2012-12-30 13:07:43,10608200
2013-01-02 09:20:31,10619750
2013-01-05 07:50:31,10631375
2013-01-08 09:10:11,10642775
2013-01-11 19:32:10,10654025
2013-01-15 06:35:41,10665550
2013-01-18 23:02:19,10676775
2013-01-22 06:21:54,10688450
2013-01-25 12:03:51,10699825
2013-01-28 15:14:33,10711300
2013-01-31 13:20:24,10723150
2013-02-03 09:08:24,10734600
2013-02-06 03:07:44,10746225
2013-02-09 04:44:43,10757700
2013-02-12 03:48:38,10769225
2013-02-15 02:29:30,10780550
2013-02-17 12:06:02,10791925
2013-02-20 06:08:49,10803325
2013-02-22 19:05:50,10814575
2013-02-25 10:22:55,10825900
2013-02-27 22:28:48,10837275
2013-03-02 18:44:11,10848475
2013-03-05 14:55:07,10859800
2013-03-08 12:02:48,10870950
2013-03-11 02:58:42,10882175
2013-03-14 01:32:52,10893425
2013-03-16 15:48:35,10904675
2013-03-18 22:22:53,10916025
2013-03-21 06:28:07,10927175
2013-03-23 07:11:38,10938500
2013-03-25 18:11:36,10949700
2013-03-28 16:00:28,10960775
2013-03-31 06:36:41,10971925
2013-04-02 16:37:16,10983200
2013-04-05 09:36:59,10994375
2013-04-08 03:04:35,11005475
2013-04-10 16:45:45,11016650
2013-04-13 08:09:55,11027675
2013-04-16 01:23:26,11038825
2013-04-18 16:08:48,11050000
2013-04-21 16:10:07,11061100
2013-04-24 09:05:46,11072175
2013-04-27 00:46:24,11083300
2013-04-29 16:10:19,11094325
2013-05-02 17:10:28,11105475
2013-05-05 16:10:38,11116600
2013-05-08 07:13:37,11127700
2013-05-10 23:26:27,11138750
2013-05-13 11:35:14,11149875
2013-05-16 10:58:48,11161050
2013-05-19 07:27:54,11172125
2013-05-22 08:50:46,11183225
2013-05-25 00:08:05,11194275
2013-05-27 15:14:27,11205350
2013-05-30 09:27:08,11216500
2013-06-01 17:47:49,11227675
2013-06-03 22:06:43,11239025
2013-06-06 04:08:40,11250150
2013-06-08 19:12:42,11261275
2013-06-11 10:33:56,11272600
2013-06-13 17:37:51,11283800
2013-06-16 05:22:32,11294900
2013-06-19 02:18:09,11305950
2013-06-21 23:16:12,11316900
2013-06-24 15:58:40,11328000
2013-06-27 09:28:20,11338975
2013-06-29 23:22:37,11350025
2013-07-02 19:31:42,11361100
2013-07-05 08:52:21,11372275
2013-07-07 18:38:44,11383375
2013-07-10 02:28:16,11394450
2013-07-12 14:58:33,11405525
2013-07-15 08:26:56,11416600
2013-07-17 22:49:33,11427825
2013-07-20 14:11:26,11439175
2013-07-23 01:16:36,11450300
2013-07-26 01:19:31,11461500
2013-07-28 16:12:57,11472750
2013-07-31 02:57:35,11483875
2013-08-02 12:46:41,11495050
2013-08-05 01:39:49,11506350
2013-08-07 09:16:32,11517375
2013-08-09 15:16:40,11528500
2013-08-11 19:19:54,11539650
2013-08-14 01:24:39,11551000
2013-08-16 18:57:46,11562550
2013-08-19 03:43:25,11573625
2013-08-21 12:47:27,11585025
2013-08-23 16:56:51,11596275
2013-08-26 09:50:26,11607575
2013-08-28 23:41:56,11618600
2013-08-31 05:52:45,11629775
2013-09-02 05:17:00,11640900
2013-09-04 12:51:33,11652075
2013-09-07 04:02:43,11663450
2013-09-09 18:37:21,11674550
2013-09-12 01:10:57,11685750
2013-09-14 05:08:24,11696950
2013-09-16 14:11:49,11708300
2013-09-19 06:20:34,11719525
2013-09-21 16:09:44,11730800
2013-09-23 17:33:29,11741925
2013-09-25 23:09:12,11753425
2013-09-28 16:01:49,11764875
2013-10-01 05:49:43,11776075
2013-10-03 17:42:23,11787975
2013-10-06 00:37:19,11799450
2013-10-08 18:26:18,11810600
2013-10-11 06:07:05,11822075
2013-10-13 13:27:02,11834050
2013-10-15 09:31:09,11845525
2013-10-17 14:10:51,11856850
2013-10-19 21:59:12,11868500
2013-10-22 02:01:45,11879850
2013-10-24 03:13:28,11891500
2013-10-26 02:30:03,11902900
2013-10-28 16:11:24,11914250
2013-10-31 05:10:34,11925700
2013-11-02 09:47:16,11937000
2013-11-04 15:45:26,11948425
2013-11-07 08:57:32,11959675
2013-11-10 12:02:55,11970875
2013-11-12 21:54:30,11982450
2013-11-15 14:35:50,11993975
2013-11-18 02:15:16,12005800
2013-11-20 22:52:27,12017100
2013-11-23 18:59:30,12028600
2013-11-26 12:26:43,12040250
2013-11-29 04:27:01,12051825
2013-12-01 18:49:43,12063550
2013-12-04 09:03:12,12075150
2013-12-06 21:10:59,12086825
2013-12-09 07:36:02,12098625
2013-12-11 22:10:02,12110000
2013-12-14 14:15:05,12121650
2013-12-17 02:17:06,12133725
2013-12-19 07:43:42,12145450
2013-12-21 21:11:26,12156875
2013-12-24 14:48:55,12168450
2013-12-27 06:46:23,12179925
2013-12-30 02:06:42,12191400
2014-01-01 14:39:23,12203300
2014-01-04 13:40:47,12214750
2014-01-07 03:06:59,12226350
2014-01-09 15:48:21,12238000
2014-01-11 23:11:32,12249775
2014-01-14 11:53:35,12261300
2014-01-17 00:21:51,12272775
2014-01-19 19:23:11,12284325
2014-01-22 10:28:44,12296225
2014-01-25 01:32:01,12308125
2014-01-28 01:37:57,12320400
2014-01-30 22:13:11,12331950
2014-02-02 10:25:25,12343525
2014-02-05 01:17:29,12355425
2014-02-07 21:36:07,12367200
2014-02-10 20:05:45,12379000
2014-02-13 14:26:01,12391000
2014-02-16 03:14:21,12402875
2014-02-19 00:13:40,12415075
2014-02-21 18:17:07,12427150
2014-02-24 12:53:31,12439425
2014-02-27 07:21:51,12451700
2014-03-02 06:09:00,12463925
2014-03-05 11:02:34,12476025
2014-03-08 11:48:29,12488300
2014-03-11 09:53:52,12500375
2014-03-14 09:40:36,12512675
2014-03-17 08:08:55,12524625
2014-03-20 07:53:59,12536375
2014-03-23 02:09:55,12548575
2014-03-25 16:41:49,12560650
2014-03-28 12:36:50,12572675
2014-03-31 11:58:20,12584725
2014-04-03 01:43:11,12596775
2014-04-05 12:14:23,12608625
2014-04-08 20:01:34,12620950
2014-04-11 20:38:05,12632950
2014-04-14 13:32:15,12645000
2014-04-17 09:29:54,12657425
2014-04-20 11:27:54,12669850
2014-04-23 07:46:31,12682000
2014-04-26 09:28:48,12694675
2014-04-29 10:46:01,12707000
2014-05-02 12:56:54,12719300
2014-05-05 20:10:36,12731300
2014-05-08 17:31:31,12743500
2014-05-11 13:07:29,12755650
2014-05-14 14:42:46,12767675
2014-05-17 08:51:05,12779675
2014-05-20 07:38:18,12792300
2014-05-23 03:01:03,12804400
2014-05-26 02:57:10,12816325
2014-05-29 04:15:25,12828100
2014-06-01 04:45:34,12839600
2014-06-03 17:49:33,12851375
2014-06-06 16:34:40,12863175
2014-06-09 21:25:18,12874875
2014-06-12 21:01:37,12887000
2014-06-15 15:50:02,12899000
2014-06-18 04:38:21,12911025
2014-06-21 00:26:06,12923025
2014-06-23 17:27:10,12935100
2014-06-26 05:25:31,12946800
2014-06-28 19:48:15,12958775
2014-07-02 02:59:10,12970625
2014-07-05 05:33:49,12982250
2014-07-08 10:41:03,12993950
2014-07-11 10:30:18,13005975
2014-07-14 15:49:08,13017825
2014-07-17 15:27:14,13029525
2014-07-20 10:25:51,13041550
2014-07-23 15:25:45,13053350
2014-07-26 19:35:17,13065000
2014-07-29 23:13:58,13076925
2014-08-02 03:21:01,13089475
2014-08-05 07:34:17,13101350
2014-08-08 08:49:43,13113100
2014-08-11 03:41:16,13125200
2014-08-14 00:37:55,13137250
2014-08-16 18:06:29,13148900
2014-08-19 11:33:59,13161350
2014-08-22 07:30:50,13173200
2014-08-25 11:13:02,13185075
2014-08-28 08:45:20,13196900
2014-08-31 02:02:31,13208875
2014-09-03 02:25:57,13220775
2014-09-06 05:35:35,13232850
2014-09-09 04:37:10,13244950
2014-09-12 06:47:41,13256950
2014-09-15 05:16:35,13268850
2014-09-17 22:08:53,13280850
2014-09-20 16:12:15,13292775
2014-09-23 16:07:51,13304875
2014-09-26 15:33:31,13316775
2014-09-30 03:03:23,13328275
2014-10-03 05:50:58,13339975
2014-10-06 06:50:02,13351925
2014-10-09 12:14:21,13363250
2014-10-12 13:45:45,13375075
2014-10-15 20:40:51,13387050
2014-10-18 22:21:22,13398600
2014-10-22 05:41:53,13410525
2014-10-25 06:12:55,13422100
2014-10-28 10:45:21,13433600
2014-10-31 07:47:42,13445425
2014-11-03 01:50:14,13457075
2014-11-06 04:21:03,13468975
2014-11-09 08:40:37,13480725
2014-11-12 12:24:40,13492150
2014-11-15 15:33:53,13503675
2014-11-18 18:25:02,13515425
2014-11-22 02:22:39,13526775
2014-11-25 07:31:37,13538525
2014-11-28 14:50:51,13550150
2014-12-01 19:04:08,13561900
2014-12-05 05:26:13,13573650
2014-12-08 12:43:59,13585425
2014-12-11 16:37:22,13597150
2014-12-15 01:30:22,13609100
2014-12-18 14:05:04,13621000
2014-12-22 03:40:46,13632900
2014-12-25 02:17:34,13644625
2014-12-28 03:02:14,13656150
2014-12-31 01:08:53,13668225
2015-01-03 00:59:15,13679975
2015-01-05 22:49:01,13692025
2015-01-09 02:36:03,13703825
2015-01-12 08:27:29,13715575
2015-01-15 17:49:44,13727200
2015-01-18 21:41:09,13738975
2015-01-22 08:58:26,13750800
2015-01-26 00:44:14,13762350
2015-01-29 07:56:56,13774500
2015-02-01 09:12:52,13786675
2015-02-04 12:28:45,13798400
2015-02-07 12:02:35,13810375
2015-02-10 17:57:37,13822250
2015-02-13 21:54:20,13833600
2015-02-16 23:40:46,13845275
2015-02-19 22:14:58,13857050
2015-02-23 00:17:58,13868600
2015-02-26 07:58:33,13880375
2015-03-01 11:34:39,13892275
2015-03-04 15:14:07,13904100
2015-03-07 23:06:07,13915725
2015-03-11 03:11:10,13927600
2015-03-14 10:31:25,13939200
2015-03-17 18:23:13,13950675
2015-03-21 02:33:59,13962350
2015-03-24 04:18:42,13973875
2015-03-27 02:43:12,13985375
2015-03-30 02:00:31,13996975
2015-04-02 07:14:47,14008650
2015-04-05 09:39:25,14020425
2015-04-08 20:43:57,14032225
2015-04-12 03:01:41,14043950
2015-04-15 11:09:45,14055500
2015-04-18 20:26:18,14066975
2015-04-21 23:39:26,14078775
2015-04-25 07:18:39,14090350
2015-04-28 11:28:13,14101900
2015-05-01 19:44:21,14113375
2015-05-05 03:34:04,14125100
2015-05-08 05:01:13,14136775
2015-05-11 14:28:11,14148450
2015-05-14 16:35:32,14160225
2015-05-17 17:34:23,14171975
2015-05-21 00:54:56,14183600
2015-05-24 10:24:59,14195050
2015-05-27 16:20:18,14206650
2015-05-30 22:35:51,14218200
2015-06-03 03:36:36,14229575
2015-06-06 07:58:17,14241225
2015-06-09 07:30:58,14252850
2015-06-12 09:02:50,14264475
2015-06-15 12:21:18,14276400
2015-06-18 20:27:19,14288100
2015-06-22 04:18:33,14299525
2015-06-25 07:17:49,14311200
2015-06-28 12:17:39,14322875
2015-07-01 18:06:33,14334300
2015-07-04 20:00:03,14345875
2015-07-07 20:44:22,14357600
2015-07-10 22:14:24,14369075
2015-07-14 03:43:34,14380575
2015-07-17 07:22:06,14391875
2015-07-20 07:39:59,14403275
2015-07-23 13:48:08,14414975
2015-07-26 16:57:40,14426900
2015-07-29 21:00:16,14438575
2015-08-02 00:39:12,14450100
2015-08-05 05:23:17,14461700
2015-08-08 10:02:03,14473175
2015-08-11 08:38:25,14484775
2015-08-14 12:01:38,14496025
2015-08-17 21:54:46,14507800
2015-08-21 00:30:28,14519375
2015-08-24 00:30:47,14530925
2015-08-27 04:01:51,14542575
2015-08-30 06:00:13,14554275
2015-09-02 08:05:31,14566150
2015-09-05 08:37:42,14577700
2015-09-08 13:13:31,14589225
2015-09-11 12:30:26,14601000
2015-09-14 14:33:13,14612500
2015-09-17 16:00:58,14624000
2015-09-21 02:53:21,14635550
2015-09-24 06:07:30,14647100
2015-09-27 09:14:50,14658925
2015-09-30 09:37:55,14670600
2015-10-03 15:30:05,14682100
2015-10-06 16:43:58,14693600
2015-10-10 04:27:19,14705250
2015-10-13 05:39:55,14716775
2015-10-16 06:41:30,14728300
2015-10-19 09:56:01,14739725
2015-10-22 16:29:09,14751625
2015-10-25 20:43:39,14763375
2015-10-28 23:08:25,14774900
2015-10-31 21:31:38,14786250
2015-11-03 20:55:34,14797925
2015-11-06 22:59:37,14809425
2015-11-10 02:15:20,14820900
2015-11-12 23:18:05,14832325
2015-11-15 22:59:37,14843850
2015-11-18 21:50:18,14855625
2015-11-21 20:25:42,14867250
2015-11-24 15:09:35,14878575
2015-11-27 10:37:50,14889725
2015-11-30 13:07:00,14901150
2015-12-03 08:02:38,14912650
2015-12-06 06:31:21,14924250
2015-12-09 02:51:35,14935700
2015-12-11 13:45:49,14946925
2015-12-14 09:16:29,14958300
2015-12-16 22:10:51,14969600
2015-12-19 18:52:41,14981000
2015-12-22 16:10:28,14992225
2015-12-25 18:08:38,15003650
2015-12-28 05:03:14,15015125
2015-12-31 03:01:33,15026575
2016-01-03 07:03:44,15037775
2016-01-06 02:18:49,15049025
2016-01-09 00:56:47,15060475
2016-01-11 17:20:48,15071575
2016-01-14 15:24:59,15082825
2016-01-17 21:30:35,15093850
2016-01-20 17:58:06,15104950
2016-01-23 13:09:01,15116100
2016-01-26 04:47:29,15127275
2016-01-29 01:51:38,15138600
2016-01-31 15:24:42,15149775
2016-02-03 07:07:13,15161075
2016-02-05 18:59:07,15172500
2016-02-08 06:26:01,15183775
2016-02-10 23:48:29,15194975
2016-02-13 14:27:47,15206125
2016-02-16 10:04:42,15217350
2016-02-19 06:06:07,15228450
2016-02-22 13:57:55,15239650
2016-02-25 19:46:51,15250700
2016-02-29 00:26:32,15261900
2016-03-03 03:16:52,15273000
2016-03-06 01:42:06,15284025
2016-03-09 02:00:04,15295075
2016-03-11 19:49:56,15306100
2016-03-14 23:43:54,15317100
2016-03-17 21:52:06,15328200
2016-03-21 01:50:02,15339250
2016-03-24 02:28:09,15350300
2016-03-27 01:21:38,15361375
2016-03-29 21:50:33,15372375
2016-04-02 00:24:44,15383425
2016-04-05 00:36:20,15394675
2016-04-07 23:39:32,15405725
2016-04-10 17:53:04,15416750
2016-04-13 14:13:57,15427825
2016-04-16 13:06:07,15438900
2016-04-19 13:07:49,15449925
2016-04-22 11:59:08,15460900
2016-04-25 17:12:50,15472000
2016-04-28 21:12:38,15483125
2016-05-01 19:53:59,15494250
2016-05-04 16:03:47,15505300
2016-05-07 13:04:53,15516425
2016-05-10 03:46:48,15527450
2016-05-13 05:51:45,15538550
2016-05-16 07:08:42,15549575
2016-05-19 12:30:34,15560650
2016-05-22 10:35:01,15571725
2016-05-25 02:53:05,15582750
2016-05-28 08:38:31,15593800
2016-05-31 12:13:36,15604875
2016-06-03 16:45:27,15615975
2016-06-06 14:53:22,15626975
2016-06-09 13:57:54,15637975
2016-06-12 12:25:22,15649025
2016-06-15 11:31:49,15660075
2016-06-18 12:21:42,15671075
2016-06-21 01:35:05,15682175
2016-06-24 06:24:41,15693250
2016-06-27 05:13:59,15704225
2016-06-30 07:39:27,15715425
2016-07-03 05:03:43,15726625
2016-07-06 07:21:18,15737800
2016-07-09 09:46:16,15748875
2016-07-12 08:50:18,15754962.5
2016-07-15 15:42:32,15760450
2016-07-18 12:04:37,15765987.5
2016-07-21 15:30:48,15771475
2016-07-25 02:32:57,15776987.5
2016-07-28 12:39:25,15782512.5
2016-07-31 16:15:52,15788037.5
2016-08-03 13:29:15,15793550
2016-08-06 05:48:26,15799025
2016-08-09 02:12:57,15804525
2016-08-12 05:51:29,15810012.5
2016-08-14 23:17:33,15815512.5
2016-08-18 04:47:44,15821025
2016-08-21 02:10:44,15826537.5
2016-08-23 22:01:39,15832100
2016-08-27 03:45:25,15837650
2016-08-30 02:11:57,15843175
2016-09-02 03:13:08,15848687.5
2016-09-05 00:01:40,15854212.5
2016-09-08 02:21:31,15859725
2016-09-11 02:12:51,15865250
2016-09-13 19:45:18,15870812.5
2016-09-16 15:03:14,15876325
2016-09-19 15:19:57,15881800
2016-09-22 13:22:53,15887300
2016-09-25 09:25:30,15892837.5
2016-09-28 03:01:48,15898325
2016-10-01 02:52:26,15903812.5
2016-10-04 02:49:07,15909325
2016-10-06 18:33:58,15914837.5
2016-10-09 14:09:33,15920325
2016-10-12 19:11:05,15925837.5
2016-10-16 01:49:59,15931375
2016-10-19 05:56:50,15936862.5
2016-10-22 07:02:35,15942337.5
2016-10-25 07:30:09,15947825
2016-10-28 08:23:00,15953312.5
2016-10-31 03:07:08,15958837.5
2016-11-03 05:20:39,15964325
2016-11-06 08:22:17,15969800
2016-11-09 05:42:51,15975300
2016-11-11 21:57:56,15980812.5
2016-11-14 16:13:51,15986312.5
2016-11-17 07:36:22,15991800
2016-11-20 10:12:31,15997287.5
2016-11-23 14:11:45,16002812.5
2016-11-26 11:21:56,16008337.5
2016-11-29 09:36:54,16013825
2016-12-02 08:59:13,16019325
2016-12-05 03:13:58,16024825
2016-12-07 22:58:05,16030325
2016-12-11 00:46:43,16035875
2016-12-13 14:30:39,16041400
2016-12-16 18:57:27,16046875
2016-12-19 20:43:08,16052437.5
2016-12-22 18:53:54,16057962.5
2016-12-25 18:37:22,16063487.5
2016-12-28 14:10:59,16069037.5
2016-12-31 10:54:28,16074562.5
2017-01-03 08:20:16,16080062.5
2017-01-06 04:41:35,16085562.5
2017-01-09 00:31:09,16091037.5
2017-01-11 23:42:30,16096550
2017-01-14 15:43:01,16102100
2017-01-17 08:49:18,16107662.5
2017-01-20 02:32:01,16113150
2017-01-22 12:27:43,16118687.5
2017-01-25 12:07:37,16124162.5
2017-01-28 03:26:31,16129650
2017-01-31 02:11:03,16135162.5
2017-02-02 15:19:49,16140725
2017-02-05 14:49:36,16146225
2017-02-08 17:33:10,16151712.5
2017-02-11 15:22:33,16157237.5
2017-02-14 10:52:15,16162750
2017-02-17 10:04:19,16168262.5
2017-02-20 12:22:11,16173812.5
2017-02-23 16:54:20,16179325
2017-02-26 09:05:28,16184887.5
2017-03-01 03:01:00,16190375
2017-03-04 01:45:38,16195862.5
2017-03-07 06:11:16,16201400
2017-03-10 04:18:26,16206900
2017-03-13 01:43:23,16212387.5
2017-03-16 02:45:36,16217962.5
2017-03-18 22:12:51,16223475
2017-03-21 22:35:17,16228975
2017-03-24 17:18:17,16234475
2017-03-27 15:45:33,16239975
2017-03-30 15:04:20,16245512.5
2017-04-02 17:26:16,16251062.5
2017-04-05 16:03:04,16256625
2017-04-08 14:02:49,16262200
2017-04-11 11:21:41,16267737.5
2017-04-14 15:21:42,16273237.5
2017-04-17 16:29:09,16278775
2017-04-20 18:57:49,16284325
2017-04-23 16:41:53,16289862.5
2017-04-26 19:44:37,16295412.5
2017-04-29 18:15:46,16300912.5
2017-05-02 14:37:35,16306425
2017-05-05 14:53:04,16311937.5
2017-05-08 07:39:05,16317437.5
2017-05-11 01:27:38,16322975
2017-05-14 00:28:59,16328450
2017-05-16 21:25:41,16334037.5
2017-05-19 18:43:25,16339550
2017-05-22 16:20:52,16345050
2017-05-25 10:14:13,16350575
2017-05-28 03:09:14,16356087.5
2017-05-30 20:40:18,16361637.5
2017-06-02 12:34:20,16367112.5
2017-06-05 02:45:43,16372625
2017-06-07 20:49:41,16378137.5
2017-06-10 17:09:58,16383637.5
2017-06-13 19:15:31,16389150
2017-06-16 18:05:03,16394637.5
2017-06-19 19:40:39,16400162.5
2017-06-22 23:40:48,16405700
2017-06-26 01:48:36,16411187.5
2017-06-29 01:56:34,16416700
2017-07-02 03:04:29,16422237.5
2017-07-04 17:21:40,16427725
2017-07-07 16:19:59,16433225
2017-07-10 10:19:42,16438775
2017-07-12 22:18:02,16444275
2017-07-16 00:12:00,16449775
2017-07-18 19:38:00,16455275
2017-07-21 13:45:09,16460750
2017-07-24 05:19:28,16466250
2017-07-27 02:37:05,16471800
2017-07-29 23:55:16,16477337.5
2017-08-01 23:36:21,16482837.5
2017-08-04 20:01:04,16488337.5
2017-08-07 14:06:07,16493850
2017-08-10 13:37:32,16499362.5
2017-08-13 18:48:10,16504912.5
2017-08-16 23:34:29,16510462.5
2017-08-19 17:00:15,16515987.5
2017-08-23 11:25:07,16521475
2017-08-27 06:03:15,16526975
2017-08-30 06:21:21,16532450
2017-09-01 21:34:08,16537975
2017-09-04 12:59:51,16543475
2017-09-07 01:02:15,16548987.5
2017-09-09 14:23:08,16554525
2017-09-12 08:18:58,16560025
2017-09-14 17:44:48,16565575
2017-09-17 05:09:03,16571075
2017-09-20 06:32:32,16576575
2017-09-23 05:10:00,16582050
2017-09-26 06:17:05,16587550
2017-09-29 03:31:24,16593050
2017-10-02 02:46:05,16598525
2017-10-04 21:51:09,16604050
2017-10-07 22:18:46,16609587.5
2017-10-10 11:35:56,16615112.5
2017-10-13 15:44:03,16620600
2017-10-16 05:01:02,16626100
2017-10-18 22:38:34,16631612.5
2017-10-21 13:08:38,16637112.5
2017-10-24 01:17:35,16642587.5
2017-10-26 10:40:14,16648087.5
2017-10-30 02:34:39,16653600
2017-11-02 02:25:13,16659100
2017-11-05 09:11:25,16664612.5
2017-11-08 09:22:57,16670100
2017-11-12 00:41:22,16675600
2017-11-15 15:56:06,16681112.5
2017-11-18 12:29:04,16686600
2017-11-21 05:11:58,16692125
2017-11-23 23:42:26,16697650
2017-11-26 21:10:04,16703175
2017-11-29 12:23:17,16708662.5
2017-12-02 00:54:41,16714162.5
2017-12-04 15:18:34,16719675
2017-12-07 01:36:47,16725200
2017-12-09 20:06:08,16730687.5
2017-12-12 11:26:09,16736212.5
2017-12-14 22:29:25,16741750
2017-12-17 11:17:30,16747250
2017-12-20 03:52:57,16752737.5
2017-12-23 08:30:58,16758250
2017-12-26 09:05:39,16763737.5
2017-12-29 07:26:56,16769237.5
2018-01-01 01:48:04,16774737.5
2018-01-03 19:20:43,16780275
2018-01-06 13:00:15,16785750
2018-01-09 06:16:29,16791237.5
2018-01-11 18:27:01,16796762.5
2018-01-14 10:07:34,16802237.5
2018-01-17 05:51:25,16807737.5
2018-01-19 21:35:05,16813250
2018-01-22 07:56:30,16818762.5
2018-01-24 20:59:02,16824250
2018-01-27 15:12:23,16829737.5
2018-01-30 10:44:29,16835250
2018-02-02 11:11:56,16840775
2018-02-05 01:32:31,16846275
2018-02-07 18:31:28,16851762.5
2018-02-10 22:31:23,16857275
2018-02-13 15:34:28,16862775
2018-02-16 12:53:57,16868262.5
2018-02-19 06:47:07,16873762.5
2018-02-22 02:20:54,16879275
2018-02-25 02:38:01,16884762.5
2018-02-27 21:35:46,16890262.5
2018-03-02 16:20:43,16895800
2018-03-05 08:42:53,16901287.5
2018-03-08 06:13:35,16906775
2018-03-11 07:07:41,16912287.5
2018-03-14 01:20:40,16917800
2018-03-17 00:43:13,16923300
2018-03-19 22:19:47,16928800
2018-03-23 00:49:23,16934300
2018-03-26 03:15:36,16939812.5
2018-03-29 04:49:07,16945312.5
2018-04-01 04:11:55,16950825
2018-04-03 21:45:31,16956325
2018-04-06 21:20:29,16961825
2018-04-09 11:26:59,16967325
2018-04-12 07:34:38,16972837.5
2018-04-15 04:25:20,16978325
2018-04-18 01:15:00,16983812.5
2018-04-20 17:02:57,16989287.5
2018-04-23 13:54:35,16994812.5
2018-04-26 15:23:42,17000300
2018-04-29 18:53:07,17005812.5
2018-05-02 16:29:13,17011312.5
2018-05-05 17:02:37,17016812.5
2018-05-08 17:25:30,17022325
2018-05-11 18:23:50,17027862.5
2018-05-14 18:51:20,17033375
2018-05-17 11:58:05,17038900
2018-05-20 13:35:43,17044387.5
2018-05-23 10:33:37,17049887.5
2018-05-26 03:52:50,17055375
2018-05-28 21:49:15,17060887.5
2018-05-31 16:16:58,17066375
2018-06-03 09:11:47,17071875
2018-06-05 20:23:40,17077362.5
2018-06-08 22:17:30,17082862.5
2018-06-12 02:10:00,17088362.5
2018-06-15 03:18:14,17093862.5
2018-06-17 21:17:51,17099400
2018-06-20 16:39:25,17104875
2018-06-23 12:09:05,17110387.5
2018-06-26 04:17:25,17115937.5
2018-06-29 07:35:57,17121437.5
2018-07-02 06:28:28,17126950
2018-07-05 15:30:19,17132450
2018-07-08 13:26:41,17137975
2018-07-11 13:22:19,17143500
2018-07-14 18:47:06,17149012.5
2018-07-17 23:11:09,17154525
2018-07-20 13:08:34,17160037.5
2018-07-23 09:18:57,17165550
2018-07-25 23:31:07,17171037.5
2018-07-28 19:31:44,17176575
2018-07-31 16:29:39,17182062.5
2018-08-03 12:45:27,17187550
2018-08-06 04:39:53,17193037.5
2018-08-09 04:11:51,17198537.5
2018-08-11 19:32:05,17204037.5
2018-08-14 18:43:56,17209525
2018-08-17 14:45:25,17215012.5
2018-08-20 11:34:38,17220512.5
2018-08-23 09:51:41,17226050
2018-08-26 08:25:38,17231537.5
2018-08-28 22:51:12,17237050
2018-08-31 22:00:20,17242525
2018-09-03 21:34:59,17248000
2018-09-07 01:52:14,17253475
2018-09-09 22:26:27,17258975
2018-09-12 22:11:15,17264475
2018-09-16 01:06:53,17269962.5
2018-09-19 04:17:20,17275462.5
2018-09-22 03:42:12,17280975
2018-09-25 00:35:04,17286487.5
2018-09-27 23:09:28,17292012.5
2018-09-30 18:37:12,17297500
2018-10-03 17:08:49,17303000
2018-10-06 23:55:02,17308500
2018-10-10 05:12:05,17314012.5
2018-10-13 05:44:09,17319512.5
2018-10-16 10:25:53,17325012.5
2018-10-19 16:28:35,17330512.5
2018-10-22 16:16:57,17336012.5
2018-10-25 21:50:20,17341487.5
2018-10-29 00:47:27,17346987.5
2018-10-31 21:55:29,17352475
2018-11-03 19:51:13,17357987.5
2018-11-07 01:52:25,17363487.5
2018-11-10 14:02:30,17368962.5
2018-11-13 18:47:26,17374475
2018-11-17 03:04:30,17379962.5
2018-11-20 12:13:40,17385462.5
2018-11-24 03:44:44,17390962.5
2018-11-27 15:03:40,17396462.5
2018-12-01 12:29:29,17401962.5
2018-12-05 02:36:37,17407462.5
2018-12-08 14:30:57,17412950
2018-12-12 02:13:08,17418437.5
2018-12-15 08:40:04,17423962.5
2018-12-18 11:29:02,17429437.5
2018-12-21 17:37:35,17434912.5
2018-12-24 06:46:37,17440412.5
2018-12-27 03:00:55,17445925
2018-12-29 20:19:50,17451412.5
2019-01-01 15:40:18,17456925
2019-01-04 13:59:07,17462462.5
2019-01-07 11:17:49,17468000
2019-01-10 05:08:34,17473562.5
2019-01-13 06:36:20,17479062.5
2019-01-16 10:14:27,17484562.5
2019-01-19 19:23:43,17490075
2019-01-22 19:15:37,17495575
2019-01-25 18:16:32,17501075
2019-01-28 20:42:01,17506612.5
2019-01-31 19:58:13,17512100
2019-02-03 20:22:11,17517600
2019-02-06 16:45:06,17523100
2019-02-09 09:11:32,17528587.5
2019-02-12 12:21:04,17534100
2019-02-15 17:28:12,17539612.5
2019-02-18 14:09:12,17545112.5
2019-02-21 16:51:46,17550625
2019-02-24 18:24:24,17556112.5
2019-02-27 20:05:05,17561600
2019-03-02 15:36:10,17567112.5
2019-03-05 18:04:37,17572587.5
2019-03-08 22:51:37,17578112.5
2019-03-12 04:52:57,17583612.5
2019-03-15 03:53:17,17589100
2019-03-18 01:26:43,17594637.5
2019-03-20 19:01:09,17600187.5
2019-03-23 15:23:17,17605687.5
2019-03-26 14:15:53,17611187.5
2019-03-29 16:31:44,17616700
2019-04-01 19:36:20,17622175
2019-04-04 20:35:36,17627700
2019-04-07 21:14:50,17633200
2019-04-10 22:21:35,17638687.5
2019-04-13 22:30:03,17644162.5
2019-04-17 03:24:53,17649650
2019-04-20 03:21:10,17655175
2019-04-23 07:54:20,17660712.5
2019-04-26 08:22:08,17666212.5
2019-04-29 07:29:10,17671700
2019-05-02 01:28:31,17677237.5
2019-05-04 21:27:55,17682762.5
2019-05-08 02:05:38,17688250
2019-05-11 05:35:14,17693750
2019-05-14 03:25:28,17699287.5
2019-05-17 01:33:06,17704800
2019-05-19 21:32:18,17710275
2019-05-22 15:49:52,17715762.5
2019-05-25 09:48:01,17721237.5
2019-05-28 05:51:15,17726762.5
2019-05-30 21:29:49,17732275
2019-06-03 02:45:35,17737762.5
2019-06-06 03:59:28,17743262.5
2019-06-09 03:58:26,17748775
2019-06-12 04:56:57,17754275
2019-06-15 02:12:54,17759762.5
2019-06-18 06:47:54,17765250
2019-06-20 23:27:22,17770725
2019-06-23 20:20:07,17776212.5
2019-06-26 15:05:22,17781712.5
2019-06-29 08:16:34,17787200
2019-07-02 06:29:43,17792687.5
2019-07-04 20:51:34,17798175
2019-07-07 07:55:48,17803662.5
2019-07-10 01:11:34,17809187.5
2019-07-13 04:37:15,17814687.5
2019-07-16 05:33:37,17820162.5
2019-07-19 12:16:05,17825662.5
2019-07-22 05:37:27,17831150
2019-07-25 09:17:47,17836662.5
2019-07-28 03:06:44,17842137.5
2019-07-30 21:41:23,17847650
2019-08-02 15:28:39,17853137.5
2019-08-05 06:54:24,17858662.5
2019-08-08 04:32:23,17864162.5
2019-08-11 02:01:49,17869662.5
2019-08-14 02:51:55,17875200
2019-08-17 00:39:22,17880725
2019-08-20 03:13:37,17886225
2019-08-23 06:17:49,17891725
2019-08-26 01:46:26,17897237.5
2019-08-29 03:20:35,17902725
2019-08-31 20:59:33,17908237.5
2019-09-03 18:41:45,17913762.5
2019-09-06 14:19:35,17919250
2019-09-09 08:00:28,17924750
2019-09-11 22:08:48,17930250
2019-09-14 17:35:12,17935737.5
2019-09-17 14:10:15,17941237.5
2019-09-20 08:37:25,17946737.5
2019-09-23 03:58:22,17952225
2019-09-26 03:31:23,17957762.5
2019-09-29 01:38:20,17963262.5
2019-10-02 06:22:47,17968775
2019-10-05 05:12:06,17974262.5
2019-10-08 02:46:32,17979775
2019-10-10 23:03:30,17985275
2019-10-14 00:55:38,17990787.5
2019-10-17 01:58:31,17996300
2019-10-20 02:01:33,18001837.5
2019-10-22 20:50:47,18007337.5
2019-10-25 19:26:17,18012837.5
2019-10-29 03:19:31,18018312.5
2019-11-01 11:20:24,18023812.5
2019-11-04 18:06:09,18029325
2019-11-07 22:30:36,18034812.5
2019-11-10 22:29:12,18040300
2019-11-14 00:49:04,18045775
2019-11-16 19:43:53,18051275
2019-11-19 19:52:17,18056775
2019-11-22 23:36:39,18062287.5
2019-11-26 03:59:55,18067787.5
2019-11-29 05:30:16,18073287.5
2019-12-02 11:08:52,18078812.5
2019-12-05 07:51:54,18084300
2019-12-08 05:15:19,18089800
2019-12-11 07:10:23,18095275
2019-12-14 07:45:08,18100762.5
2019-12-17 09:55:36,18106262.5
2019-12-20 10:52:25,18111775
2019-12-23 00:38:36,18117250
2019-12-26 07:24:22,18122775
2019-12-29 04:19:06,18128275
2019-12-31 23:56:43,18133762.5
2020-01-03 17:26:09,18139275
2020-01-06 13:25:08,18144775
2020-01-09 08:53:05,18150262.5
2020-01-12 04:06:55,18155775
2020-01-15 04:03:01,18161262.5
2020-01-17 23:31:35,18166737.5
2020-01-21 09:45:51,18173125
2020-01-24 12:28:55,18179112.5
2020-01-27 11:46:50,18184600
2020-01-30 09:46:05,18190087.5
2020-02-02 10:42:46,18195575
2020-02-05 11:08:27,18201062.5
2020-02-08 13:02:23,18206562.5
2020-02-11 18:37:02,18212087.5
2020-02-14 21:35:39,18217575
2020-02-17 20:47:50,18223075
2020-02-21 00:49:11,18228575
2020-02-24 00:26:58,18234050
2020-02-27 03:38:42,18239550
2020-03-01 01:42:43,18245025
2020-03-03 19:24:14,18250512.5
2020-03-06 13:31:10,18256025
2020-03-09 10:01:56,18261525
2020-03-12 15:24:44,18267012.5
2020-03-16 02:53:06,18272525
2020-03-20 01:37:45,18278012.5
2020-03-23 19:53:02,18283500
2020-03-27 05:29:50,18288987.5
2020-03-30 04:54:01,18294512.5
2020-04-02 03:15:57,18300012.5
2020-04-05 01:38:14,18305500
2020-04-07 20:09:09,18310975
2020-04-10 16:57:23,18316462.5
2020-04-13 12:23:24,18321962.5
2020-04-16 01:57:31,18327437.5
2020-04-19 01:05:25,18332925
2020-04-21 22:27:53,18338437.5
2020-04-25 02:09:20,18343925
2020-04-28 06:02:52,18349425
2020-05-01 10:05:16,18354962.5
2020-05-04 04:30:14,18360487.5
2020-05-07 00:08:23,18366012.5
2020-05-10 02:26:58,18371500
2020-05-12 22:19:53,18376006.25
2020-05-16 13:18:50,18378750
2020-05-20 11:00:25,18381512.5
2020-05-24 01:06:56,18384250
2020-05-27 15:40:14,18386993.75
2020-05-30 20:01:01,18389756.25
2020-06-02 22:44:05,18392500
2020-06-05 18:29:30,18395243.75
2020-06-08 08:20:14,18398000
2020-06-11 00:28:33,18400750
2020-06-13 13:27:35,18403487.5
2020-06-16 10:36:48,18406256.25
2020-06-19 16:58:14,18409000
2020-06-22 18:25:40,18411756.25
2020-06-25 18:44:41,18414493.75
2020-06-28 18:06:17,18417243.75
2020-07-01 16:12:31,18419993.75
2020-07-04 08:22:57,18422737.5
2020-07-07 02:15:30,18425487.5
2020-07-09 22:15:04,18428243.75
2020-07-12 18:02:18,18430987.5
2020-07-15 17:38:49,18433731.25
2020-07-19 05:24:20,18436475
2020-07-22 10:49:13,18439218.75
2020-07-25 09:56:17,18441962.5
2020-07-28 09:00:40,18444712.5
2020-07-31 09:51:28,18447450
2020-08-03 12:45:49,18450187.5
2020-08-06 12:13:09,18452925
2020-08-09 11:17:45,18455668.75
2020-08-12 08:47:17,18458406.25
2020-08-15 03:47:09,18461156.25
2020-08-18 04:15:53,18463900
2020-08-21 06:14:14,18466643.75
2020-08-24 05:23:45,18469393.75
2020-08-27 10:52:57,18472143.75
2020-08-30 11:37:20,18474887.5
2020-09-02 11:01:40,18477637.5
2020-09-05 16:59:42,18480387.5
2020-09-08 12:15:51,18483137.5
2020-09-11 10:17:02,18485881.25
2020-09-14 01:46:20,18488625
2020-09-16 19:17:20,18491368.75
2020-09-19 10:22:50,18494106.25
2020-09-22 12:43:46,18496843.75
2020-09-25 13:52:02,18499606.25
2020-09-28 11:40:54,18502362.5
2020-10-01 17:17:15,18505106.25
2020-10-04 16:44:58,18507850
2020-10-07 18:23:04,18510606.25
2020-10-10 19:08:40,18513356.25
2020-10-13 18:16:21,18516106.25
2020-10-16 14:13:32,18518856.25
2020-10-19 19:08:22,18521606.25
2020-10-23 02:11:58,18524362.5
2020-10-26 08:27:41,18527112.5
2020-10-30 11:52:20,18529850
2020-11-03 09:48:49,18532593.75
2020-11-06 08:59:01,18535362.5
2020-11-09 08:19:40,18538125
2020-11-12 03:33:47,18540862.5
2020-11-15 02:48:36,18543625
2020-11-17 22:17:29,18546362.5
2020-11-20 17:05:17,18549112.5
2020-11-23 08:13:35,18551856.25
2020-11-26 09:11:28,18554600
2020-11-29 05:46:32,18557356.25
2020-12-02 11:51:57,18560100
2020-12-05 10:47:00,18562843.75
2020-12-08 12:11:49,18565593.75
2020-12-11 17:30:11,18568337.5
2020-12-14 19:06:32,18571093.75
2020-12-18 00:04:46,18573850
2020-12-20 19:51:14,18576593.75
2020-12-23 21:13:38,18579343.75
2020-12-27 01:34:08,18582087.5
2020-12-29 22:45:30,18584831.25
2021-01-01 14:31:10,18587581.25
2021-01-04 10:00:48,18590343.75
2021-01-07 00:49:48,18593087.5
2021-01-09 23:04:32,18595843.75
2021-01-12 20:11:25,18598587.5
2021-01-15 19:00:37,18601337.5
2021-01-18 19:56:14,18604093.75
2021-01-21 23:23:17,18606837.5
2021-01-25 00:20:28,18609581.25
2021-01-27 23:49:37,18612331.25
2021-01-31 00:42:51,18615075
2021-02-03 02:53:23,18617825
2021-02-05 22:06:06,18620568.75
2021-02-08 16:16:44,18623318.75
2021-02-11 20:21:13,18626087.5
2021-02-14 18:16:56,18628850
2021-02-17 23:54:33,18631593.75
2021-02-21 00:43:09,18634343.75
2021-02-24 06:46:40,18637093.75
2021-02-27 04:15:36,18639850
2021-03-02 08:30:08,18642587.5
2021-03-05 10:20:16,18645343.75
2021-03-08 09:21:54,18648081.25
2021-03-11 09:58:47,18650818.75
2021-03-14 09:56:47,18653556.25